seller_id,seller_zip_code_prefix,seller_city,seller_state
3442f8959a84dea7ee197c632cb2df15,13023,campinas,SP
d1b65fc7debc3361ea86b5f14c68d2e2,13844,mogi guacu,SP
51a04a8a6bdcb23deccc82b0b80742cf,12914,braganca paulista,SP
e49c26c3edfa46d227d5121a6b6e4d37,55325,brejao,PE
1b938a7ec6ac5061a66a3766e0e75f90,16304,penapolis,SP
ccc4bbb5f32a6ab2b7066a4130f114e3,80310,curitiba,PR
8bd0f31cf0a614c658f6763bd02dea69,1222,sao paulo,SP
166e8f1381e09651983c38b1f6f91c11,88780,imbituba,SC
e38db885400cd35c71dfd162f2c1dbcf,70740,brasilia,DF
d2e753bb80b7d4faa77483ed00edc8ca,45810,porto seguro,BA
4e6015589b781adaa5ce7f1892d06bb1,11440,guaruja,SP
4cf490a58259286ada5ba8525ba9e84a,14910,tabatinga,SP
f7496d659ca9fdaf323c0aae84176632,4156,sao paulo,SP
8bd0e3abda539b9479c4b44a691be1ec,98910,tres de maio,RS
2a1348e9addc1af5aaa619b1a3679d6b,30494,belo horizonte,MG
116ccb1a1604bc88e4d234a8c23f33de,9850,sao bernardo do campo,SP
406822777a0b9eb5c50e442dd4cd3ec5,18500,tatui,SP
4dbd95a08b31ede5c82d3f861cb1ce1a,80210,curitiba,PR
9c690ceacd5c66731bf443ea810195cb,37650,camanducaia,MG
1f9ab4708f3056ede07124aad39a2554,17602,tupa,SP
b2a6d334e2833acea353624840e25a0e,4133,sao paulo,SP
d3674f271c91f824f82d24d92011f669,72233,brasilia,DF
768de2a4fc06aacecb9a586ccc30746a,70645,brasilia,DF
a81466620e46a6970b22ef40379fdfc9,88730,sao ludgero,SC
c0f783394e37cd9c9d7f5f81141450fa,13416,piracicaba,SP
c353f8fc0ce8344999f17d578eb69a5e,90850,porto alegre,RS
8444e55c1f13cd5c179851e5ca5ebd00,37584,congonhal,MG
41ab63a91b8b264e8c8780368bf1dd5b,31555,belo horizonte,MG
8759e7aedd644f487315e5860962f162,9251,santo andre,SP
d71d863e5ef30d94e440c11be17dcd8f,6144,osasco,SP
0c7533c71df861ec58ad7ff999ed0e8d,13270,valinhos,SP
ef990a83bbea832f36ebe81376335aa8,89214,joinville,SC
0747d5bb69f0586cc869d8af4c50f93e,28990,saquarema,RJ
c89cf7c468a48af70aada384e722f9e2,25730,petropolis,RJ
b7ba853e9551f4558440881fd3e5c815,95500,santo antonio da patrulha,RS
cbbd5ae8f53de5f5097cd8217b529e24,6544,santana de parnaiba,SP
02ecc2a19303f05e59ce133fd923fff7,9121,santo andre,SP
2d50d6282f8aa2257819a77bfaa0efe0,14940,ibitinga,SP
b7e1750c1157341d2abd0251e07c186b,5741,sao paulo,SP
b90e891671cffd9557f33a97dc523645,83010,sao jose dos pinhais,PR
a416b6a846a11724393025641d4edd5e,3702,sao paulo,SP
7e93a43ef30c4f03f38b393420bc753a,6429,barueri,SP
5206cc4bc2297c833e6061c49bf9c43f,6192,osasco,SP
ef506c96320abeedfb894c34db06f478,3569,sao paulo,SP
7299e27ed73d2ad986de7f7c77d919fa,38440,araguari,MG
7722b1df1b0e383e000397b2c11e3e19,9715,sao bernardo do campo,SP
731ef20c231d9a7103a425e83fd91271,88501,lages - sc,SC
bba3293d6f5d5af2f415e004e8b93ae3,4726,sao paulo,SP
4e7c18b98d84e05cbae3ff0ff03846c2,14882,jaboticabal,SP
b56906f7fd1696e043f1bcce164c487b,19830,echapora,SP
d650b663c3b5f6fb392b6326366efa9a,6713,cotia,SP
669ae81880e08f269a64487cfb287169,89160,rio do sul,SC
c2d70ce2c5d0a2eb75e78668236e6dc8,4275,sao paulo,SP
abe42c5d03695b4257b5c6cbf4e6784e,21235,rio de janeiro,RJ
79b93a308a97792cf53ac75f46da00b5,22420,rio de janeiro,RJ
63ffcb71394dd8ea3872ed9ffda17c74,24813,itaborai,RJ
83353a83fd769dfafa4f21a72b15e3e5,5786,sao paulo,SP
709e16e2b25c7474d980076c6bfc4806,16200,birigui,SP
422be4cc81a457fdb46f47edeb968ae5,14940,ibitinga,SP
8bb48dc19fccaa8613b6229bf7f452a2,19803,assis,SP
ad87df7699e83b8a91822a4a0b765c3a,13820,jaguariuna,SP
d6b664fa0667064c6d76394e7848d790,14801,araraquara,SP
98f52e1020fe788c10c0418de4393fec,27963,macae,RJ
62760d278921b5f352461620d68a9cee,13320,salto,SP
1d4587203296c8f4ad134dc286fa6db0,5101,sao paulo,SP
791cfcfe22fe4a771ece27f90017da92,14010,ribeirao preto,SP
0c8380b62e38e8a1e6adbeba7eb9688c,37410,tres coracoes,MG
37be5a7c751166fbc5f8ccba4119e043,4248,sao paulo,SP
44073f8b7e41514de3b7815dd0237f4f,71070,brasilia,DF
9d39404483343dd55c7ae254494d8388,1044,sao paulo,SP
75745ef7bc7d4f3ea3380f6f5303f514,70384,brasilia,DF
7b07b3c7487f0ea825fc6df75abd658b,2016,sao paulo,SP
99002261c568a84cce14d43fcffb43ea,78095,cuiaba,MT
784ba75dd9d20200c4caed3d7a77141a,1040,sao paulo,SP
099095b050cfe8eb1ddff5317587e96e,3322,sao paulo,SP
0ad80de75c811326389cfb1daba7d45e,20261,rio de janeiro,RJ
b9a03475e6447e631b6799ec8274800f,85830,formosa do oeste,PR
82e0a475a88cc9595229d8029273f045,3417,sao paulo,SP
34aefe746cd81b7f3b23253ea28bef39,81210,curitiba,PR
ed4acab38528488b65a9a9c603ff024a,8260,sao paulo,SP
f0837c8d71434931d9e38e7b79234797,95995,arvorezinha,RS
fce62094ffe6a4009188ec44e681dfdd,4674,sao paulo,SP
ebef8d8c92b4fd3226e5d407bbff21ac,14020,ribeirao preto,SP
d73cbd89533ce8b041a9190241453ac8,36525,guiricema,MG
75a4764c108403a7a0575140cb22287c,95072,caxias do sul,RS
0ade5cc4a305ed7093a23f68ca47519c,81030,curitiba,PR
b18dc380845b24038cfc48006478f099,9951,diadema,SP
889009a0ed0bb52c87819941192931b8,18682,lencois paulista,SP
4c498c7345e89aebad651544829beca0,6341,carapicuiba,SP
01bcc9d254a0143f0ce9791b960b2a47,76400,uruacu,GO
f021c962aaba8ef6eb527a9c2c8394d1,88301,itajai,SC
024b564ae893ce8e9bfa02c10a401ece,3280,sao paulo,SP
a513150f33f99a06569e9cd5c4bb889b,1545,sao paulo,SP
02f5837340d7eb4f653d676c7256523a,80620,curitiba,PR
c8e135e7b21ecbc36c1153a29d2f5a06,1411,sao paulo,SP
229c3efbfb0ea2058de4ccdfbc3d784a,30190,belo horizonte,MG
f9a02f1922d1de564392e656d82b3fda,8502,ferraz de vasconcelos,SP
6ec1a01e866584bb679eb9b098345919,11040,santos,SP
f6122bc84774df1b372bdb3bb88ddb9f,6436,barueri,SP
fa40cc5b934574b62717c68f3d678b6d,2310,sao paulo,SP
c0098efcf800861dcae589affca31408,14080,ribeirao preto,SP
270d3ef21830ad0ecf3a6c53d08a533a,6380,carapicuiba,SP
89c127985a8b130cfa45c1d36764017a,6016,osasco,SP
8b2492b7ff4468839593fafeed55bad9,24451,sao goncalo,RJ
5e49e3a44bdeb5aab2684258bbd4f525,88330,balenario camboriu,SC
aaed1309374718fdd995ee4c58c9dfcd,89120,timbo,SC
11d4c477d09821164bca4f70a2eae031,14075,ribeirao preto,SP
ff314fa6033cc68ec451c47aee2d6ba4,5424,sao paulo,SP
6d2f2e3b539480db1e0842b3a4e32e6e,7051,guarulhos,SP
9e6229250fedbe05838fef417b74e7fb,16800,mirandopolis,SP
5abb8ea023c77787f2c15da891c8d384,89228,joinville,SC
817245bcc3badd82bbd222e0366951a6,17056,bauru,SP
615005a3ef192c00c6f0e977cee3d2bc,13304,itu,SP
1284de4ae8aa26997e748c851557cf0e,85301,laranjeiras do sul,SP
5fd924b4836098a5be0ecf81ba054ce0,3554,sao paulo,SP
7178f9f4dd81dcef02f62acdf8151e01,89560,videira,SC
8132b9bd16876e1b0f8808d43825dd48,88058,florianopolis,SC
3f995f07c49d0d55a99d5c54957f7d81,6853,itapecerica da serra,SP
a6bd7d1ccdac48c6b33b28596b7eb122,58280,mamanguape,PB
6650fcccd8cd2f7e55ffa524f30c4c59,8490,sao paulo,SP
3db66a856d18a9cba7c9241fc5221c50,35430,ponte nova,MG
10ff823eda2b032e2c93d17a7d294736,17280,pederneiras,SP
b4a476fbd28de64b1e347abf9089366a,6653,itapevi,SP
39c763cca83e654764b7a4a650fb9b7c,74563,goiania,GO
dadc51ef321949ec9a3ab25cd902e23d,4821,sao paulo,SP
83b08de96980757220871b31bf6cffca,21820,rio de janeiro,RJ
bee36b4f9a2b9fdcaff6ec05df202ed0,3308,sao paulo,SP
c85d7b477a709c85a1e8b8f25aa1b270,9640,sao bernardo do campo,SP
800214c63934acd05d47e84214db8ba8,89251,jaragua do sul,SC
5cf1ec37aea089f45110c70653a166ab,2215,sao paulo,SP
3d621842b2ed28e2b474132480edac3c,8041,sao paulo,SP
baf15155e37ef5492731459bdc05be8a,5715,sao paulo,SP
a17f621c590ea0fab3d5d883e1630ec6,18055,sorocaba,SP
8ca5b19e0263150d2c57afdde2b3d011,9336,maua,SP
eec3469d83e142f9a104886655338c37,17030,bauru,SP
fe4cd9461203cee790d36792420b310f,35300,caratinga,MG
f5fea3ffed6c2e889bab72705557c63a,21240,rio de janeiro,RJ
ececbfcff9804a2d6b40f589df8eef2b,14407,franca,SP
1b4c3a6f53068f0b6944d2d005c9fc89,88730,sao ludgero,SC
b92e3c8f9738272ff7c59e111e108d7c,36502,uba,MG
b8555308bfdb4ca1ed54325a58da9a97,9751,sao bernardo do campo,SP
781a66c0d89e30814d49fe8b5e14cd07,13064,campinas,SP
a4bd6e9adf39b63f43dc545d3ca1f53d,21020,rio de janeiro,RJ
fa8d335d68129e464e60c1826a683e96,95660,tres coroas,RS
4917cee8d902e13428c3ec4b1ca6f315,89031,blumenau,SC
dff87e4de60c9736ce8df835951b09bc,3172,sao paulo,SP
ac1ed5fc15901fbc92920361eb4ab350,3334,sao paulo,SP
f9903dd0f812c7e771fcad47b6fff231,89070,blumenau,SC
5011f0d93373a4c5753adf58ca77af8d,11013,santos,SP
50c9975695009e5e6473912e83a6d1da,35530,claudio,MG
7aa4334be125fcdd2ba64b3180029f14,18500,laranjal paulista,SP
b14db04aa7881970e83ffa9426897925,18048,sorocaba,SP
31ae0774c17fabd06ff707cc5bde005f,13478,americana,SP
1099a00e0ee3a50935e6c2447ca090c5,20921,rio de janeiro,RJ
3d700782d7818f2c1e0d7a9e9d75fc00,86170,sertanopolis,SP
a3e9a2c700480d9bb01fba070ba80a0e,14940,ibitinga,SP
9f505651f4a6abe901a56cdc21508025,4102,sao paulo,SP
17adeba047385fb0c67d8e90b4296d21,7052,guarulhos,SP
7142540dd4c91e2237acb7e911c4eba2,16301,penapolis,SP
c04d70d515d15a7e3db3a73320598566,24020,niteroi,RJ
a3a38f4affed601eb87a97788c949667,89204,joinville,SC
744dac408745240a2c2528fb1b6028f3,83408,colombo,PR
9b013e03b2ab786505a1d3b5c0756754,11450,vicente de carvalho,SP
38e679b9e0064cd94c6f035707344dae,86010,londrina,PR
5444b12c82f21c923f2639ebc722c1ea,2051,sao pauo,SP
83deb69e889cf80f82be1dc6d5f2d486,88056,florianopolis,SC
54aa8463e87776b5612f4bdc4bd5d4de,30550,belo horizonte,MG
79ebd9a61bac3eaf882805ed4ecfa12a,85802,cascavel,PR
88af55b4a7ca402b27df16f7c7c9b5d2,6775,taboao da serra,SP
b026643914f651e8371425e5b8a1e780,22783,rio de janeiro,RJ
8e6d7754bc7e0f22c96d255ebda59eba,12233,sao jose dos campos,SP
92c8bc6e8f925792247656fed09aad65,3384,sao paulo,SP
3ca08eeb8d5595949fed424bd3677742,82510,curitiba,PR
cbd996ad3c1b7dc71fd0e5f5df9087e2,15081,sao jose do rio preto,SP
15b3b1b81484422eb41df68ac87f1f50,17047,bauru,SP
e067ad2c1c0b48758eb1b5228bcf7a68,11045,santos,SP
f1fd5ab1181f827ffad998c1a5de7d74,80010,curitiba,PR
a7c88262832dfc683781d6a421edefae,8710,mogi das cruzes,SP
4e85b538b0dad58852641540686d0e14,12238,sao jose dos campos,SP
093805f8f2aeb63881444571e1f48f30,6236,osasco,SP
5acd070dd3fe441bbb2ec1f1ede515ee,13203,jundiai,SP
cb9fb4ca75d7ba8437480e8dde64fe98,3551,sao paulo,SP
ce33c6211beaa8fef4cae8b52db39862,8655,suzano,SP
081acf3de680d554796c9cf041be7bc2,33200,vespasiano,MG
6989574bd97d9773f10d232b6c07da59,80040,curitiba,PR
8501d82f68d23148b6d78bb7c4a42037,89031,blumenau,SC
7f02656561b680def9986c0795a8a080,1417,sao paulo,SP
6d803cb79cc31c41c4c789a75933b3c7,14600,sao joaquim da barra,SP
5f2684dab12e59f83bef73ae57724e45,5125,sao paulo,SP
f97e2b0650c2068227e1d366140eb62f,13830,santo antonio de posse,SP
8b321bb669392f5163d04c59e235e066,1212,sao paulo,SP
32f83ffe11cd40f7adcf4eef171f52d9,97502,uruguaiana,RS
76d64c4aca3a7baf218bf93ef7fa768d,80215,curitiba,PR
f8f35af4634605e6693c17cc3ffff5a8,37400,campanha,MG
004c9cd9d87a3c30c522c48c4fc07416,14940,ibitinga,SP
3bdff180c7e1f6551a643b99c265a120,4811,sao paulo,SP
aced59e9b31ef866a94f9e7f29d8d418,3306,sao paulo,SP
d2572f31e9023e9850ef986a636ff9bf,30640,belo horizonte,MG
c731d18cea9bf687ffee82a241c25b11,89701,concordia,SC
3dc69bf2c42f0568a5c4791ec3fd3745,2880,sao paulo,SP
c42fd8e4d47dfb18ce5222f2dd7752f9,6246,osasco,SP
2dd1fb6f0e42a2243b8a01e40cd41216,80240,curitiba,PR
a7c53f6b3b61adbdaa99dda97e8cbd56,14780,barretos,SP
5bffbafbb22daf6d3bfc216a46db8708,26525,nilopolis,RJ
011b0eaba87386a2ae96a7d32bb531d1,17580,pompeia,SP
43753b27d77860f1654aa72e251a7878,44895,barro alto,BA
822b63912576852aea9a8436d72317b7,13840,mogi guacu,SP
87d30a6a0cbf89356e49324971ab1d24,2036,sao paulo,SP
217f005bb37ff3aeef5b2ae1788e75ba,6038,osasco,SP
cac4e0bc1a3269fa2b6ea5e763f6115b,88351,brusque,SC
8ec76bb0965af3f007692b26fa9d6623,88804,criciuma,SC
aba1721a889e04decc910aa13b768ef4,5729,sao paulo,SP
cab85505710c7cb9b720bceb52b01cee,2252,sao paulo,SP
8c3b533c63cca56240f94f1e3a6b18ef,31050,belo horizonte,MG
1fdc574883ef3b33ad41562d93f3a74a,13480,limeira,SP
33cbda8716511e27e556dff9d8418bf2,89052,blumenau,SC
6cd68b3ed6d59aaa9fece558ad360c0a,31255,belo horizonte,MG
3df020b72d3d44b3af9d110fa3940b65,15704,jales,SP
537eb890efff034a88679788b647c564,20270,rio de janeiro,RJ
4be2e7f96b4fd749d52dff41f80e39dd,69900,rio branco,AC
48fb026ed7455a42f5d3e9390ed5088e,27321,barra mansa,RJ
0d33a55da925bbf1ff02af5f6059fc7f,5632,sao paulo,SP
955fee9216a65b617aa5c0531780ce60,4782,sao paulo,SP
f805b96fa705ba7995a221f1749dc141,87013,maringa,PR
751bdc4d83a466c7206cd42e8f426b03,9405,ribeirao pires,SP
d93b8458c6fe139d85cfa5eadbf55bd2,2238,sao paulo,SP
38f276ca6e7cc95a6d1bb55ac9e5550f,17520,marilia,SP
eae9af4811c294c56795d70e715b7337,3060,sao paulo,SP
fc4751cfe3b279c419615b9b00c1abb4,86047,londrina,PR
e1a210d482714ce337763a19aef94ba4,85807,cascavel,PR
34675b28b826facfde119785bf287dc1,85802,cascavael,PR
5a93f3ab0ef4c84ed5e1b5dbf23978bc,12250,monteiro lobato,SP
e1b12447a7563944843191754aeb5562,7145,guarulhos,SP
2f3d8b4c9e2ee165075331fea3f3095a,88107,sao jose,SC
d3f39f05462b79a4562d35893a28f159,13730,mococa,SP
528ce32f560edd11add4169f6a5b65be,18130,sao roque,SP
0176f73cc1195f367f7b32db1e5b3aa8,14940,ibitinga,SP
01cf7e3d21494c41fb86034f2e714fa1,85603,francisco beltrao,PR
c8771b1a10bb99bb34d3c459c5cffb53,36512,tocantins,SP
e9bc59e7b60fc3063eb2290deda4cced,87083,maringa,PR
6f229cc508fc6915ed5c499efd93baa4,21931,rio de janeiro,RJ
b0b346d3a89f5eb4c2968af3f083cd43,13105,campinas,SP
a0415d9b25ede3c4b1e477e9916ffc03,26255,nova iguacu,RJ
3dfd3dc96f7f8598eca74e9ac8a2fa31,3343,sao paulo,SP
fa1a9dec3a9940c072684a46728bf1fc,88820,icara,SC
cb8bcce248bb1fb274ba762d8b971456,37540,santa rita do sapucai,MG
b6d44737c043328708f6749c2dbe50bd,9230,santo andre,SP
972d0f9cf61b499a4812cf0bfa3ad3c4,88359,brusque,SC
8c91bfea4263b8fba54081460693e2a1,98920,horizontina,RS
38af8acfd46ac4a7bf754e8ca6736664,4364,sao paulo,SP
75fdd0a732287f9497b179f6bd445d32,9350,maua,SP
e5bd51692380fd8cabb19b756b95e714,9220,santo andre,SP
cfb1a033743668a192316f3c6d1d2671,18110,votorantim,SP
adcf50477d6a1f5d91bb9d54c4903cb5,35530,claudio,MG
f2336e113377dd21c744d9c4fc8293a9,3659,sao paulo,SP
f25e239052084705e17a982bc600ab2a,1123,sao paulo,SP
f326006815956455b2859abd58fe7e39,15601,fernandopolis,SP
6a51fc556dab5f766ced6fbc860bc613,17500,marilia,SP
a90a5da8b09e44264a177c0374a5ac87,84010,ponta grossa,PR
ea6b12bf9ffe2bac34602ec631d97a47,7093,guarulhos,SP
fa7ad8ae9bcb2c4493fdf38e96b1d74f,13920,pedreira,SP
67e43d802fde8cfd3f9580124f8167d1,7062,guarulhos,SP
259f7b5e6e482c230e5bfaa670b6bb8f,8550,poa,SP
dd7ddc04e1b6c2c614352b383efe2d36,3471,sao paulo,SP
f457c46070d02cadd8a68551231220dd,87047,maringa,PR
5962468f885ea01a1b6a97a218797b0a,82040,curitiba,PR
1f50f920176fa81dab994f9023523100,15025,sao jose do rio preto,SP
2b1a40c1daabc6ca280c4b815c101841,35500,divinopolis,MG
3d0cd21d41671c46f82cd11176bf7277,89217,joinville,SC
d93919c944be9cff128f6c9cb899eacb,13375,mombuca,SP
f7ba60f8c3f99e7ee4042fdef03b70c4,9628,sao bernardo do campo,SP
0ee4fb99ac55ffbbc98795aa01b7f8fa,6539,santana de parnaiba,SP
002100f778ceb8431b7a1020ff7ab48f,14405,franca,SP
70f84699be677ec988d1fa824aef7d90,35700,sete lagoas,MG
70ee69419916dc13e3aed619061f996c,8780,mogi das cruzes,SP
8ff1a9df749e454105c55cda13e79143,17509,marilia,SP
5236605f4d4b0b3e4df85b850393fca0,3311,sao paulo,SP
45c20d94d9171b0bcfab3c955e47d67b,13490,cordeiropolis,SP
5bc237df65098fe211bb4818f4d26d78,38410,uberlandia,MG
eebb3372362aa9a46975164bed19a7e7,4578,sao paulo,SP
2ec6e37d992a95eaddb3369dcbcc76d9,91310,porto alegre,RS
f84a00e60c73a49e7e851c9bdca3a5bb,20756,rio de janeiro,RJ
e5a38146df062edaf55c38afa99e42dc,1233,sao paulo,SP
80cfd480be3eb6d6267139f5cb793555,8223,sao paulo,SP
62c50c1af4dfdc4149d25c5222043d39,4782,sao paulo,SP
f45122a9ab94eb4f3f8953578bc0c560,13419,piracicaba,SP
7901646fdd36a55f564ffaf2dbccaaf7,20021,rio de janeiro,RJ
6481e96574816ead57975da2c0f6d80d,18072,sorocaba,SP
13e85aac53340018b40c2af68001b7e0,13920,pedreira,SP
b6dc74ed30f124f95227bed4e43a3bed,86702,arapongas,PR
48436dade18ac8b2bce089ec2a041202,27277,volta redonda,SP
f5f2ab9bdb6b30c14c61be68c5ed37da,13660,porto ferreira,SP
c76d418370990614e89e956c7a7567d9,6787,taboao da serra,SP
ceb7b4fb9401cd378de7886317ad1b47,22790,04482255,RJ
2c54051840f19eca309a5423cf22df36,81830,curitiba,PR
ee27a8f15b1dded4d213a468ba4eb391,74210,goiania,GO
5b92bfa4120daa27c574daa2e386c693,18070,sorocaba,SP
1554a68530182680ad5c8b042c3ab563,37580,monte siao,MG
fc38b5dceee1a730fad8853453437fbd,13073,campinas,SP
152ee17e4c8aaf53dac99f3462e4999b,89248,garuva,SC
04aa0a1c5ce6b222003403a3e11c3cc0,13150,cosmopolis,SP
1e47defeeadeca0e9a18fa5a9311e735,15800,catanduva,SP
a7b7354cc588f7566a848bcbb1ce3d96,1215,sao paulo,SP
ef0ace09169ac090589d85746e3e036f,24451,sao goncalo,RJ
918717417d88a9f9ae9735567e6c7682,5547,sao paulo,SP
f19516b9ff26bfeb091b30108db4ddbd,13160,artur nogueira,SP
562f8cfc51f265411f487d07e9c40e7f,30575,belo horizonte,MG
07017df32dc5f2f1d2801e579548d620,58030,joao pessoa,PB
52092ddbd3a58c450a4459bf051b2287,17300,dois corregos,SP
f1198c871e0171278b63f40d112caeec,1220,sao paulo,SP
87142160b41353c4e5fca2360caf6f92,90230,porto alegre,RS
a0e19590a0923cdd0614ea9427713ced,83075,sao jose dos pinhais,PR
11305281b50fff20ae8bb473f8e11876,36500,uba,MG
8a207b6080964f3c1fc9d35bd6096ba4,15155,jaci,SP
fa1c13f2614d7b5c4749cbc52fecda94,13170,sumare,SP
bf100ecb7997df312b285358fb32f92c,83070,sao jose dos pinhais,PR
3504c0cb71d7fa48d967e0e4c94d59d9,9350,maua,SP
de09d00cfc265b8804c7df34075a68fa,2118,sao paulo,SP
638cba8be1fb599bbb76fd6948351eb3,12242,sao jose dos campos,SP
2f73e04d12cdf0c945ded66bb3fcf6c7,29313,cachoeiro de itapemirim,ES
fbc14c0cf93505ef89f64665ffa4a7b5,14150,serrana,SP
c3ee2331a724e6fc02c4b698b57a73f3,5108,sao paulo,SP
ddd51ae8cda92f3995a51fc0f0f3eec7,23062,rio de janeiro,RJ
2bdb95a56a36ebbc6640337ac5eac174,4054,sao paulo,SP
34d1ca11b242c0fee2c834ae8d788566,36415,congonhas,MG
96493fab2fbb13a14d0c0e8772eef5c3,5537,sao paulo,SP
7c1fea10b5b006671d608b1d7c446ec4,18550,boituva,SP
b6e1504972665f739dec4facb9943775,13405,piracicaba,SP
99eaacc9e6046db1c82b163c5f84869f,14400,franca,SP
8603f0038fe0e52fedd3382d266723de,88495,garopaba,SC
d98eec89afa3380e14463da2aabaea72,90010,porto alegre,RS
ab75b89cc49c9ab3160d0c91565a442a,17604,tupa,SP
23613d49c3ac2bd302259e55c06c050c,13660,porto ferreira,SP
93b9a99027bd8bd6af682aff18dd19bf,7600,mairipora,SP
0bf0150d5b9d60d9cd2906003332f085,1547,sao paulo,SP
7ecef8194babfec876ca720714327841,13041,campinas,SP
5075aaa8404020ae6aa8bf4792099b41,37706,pocos de caldas,MG
d354c38a7182125a748cb10474fe963b,28495,aperibe,RJ
9996ae921c50e8dff411ac69c0b4bb8b,17605,tupa,SP
c3cfdc648177fdbbbb35635a37472c53,80610,curitiba,PR
1ce3ae5a399804d1a87e706f8a813c3e,88715,jaguaruna,SC
2138ccb85b11a4ec1e37afbd1c8eda1f,8250,sao paulo,SP
83d458c0d6d4f94295d63f091460bd60,29101,vila velha,SP
ef30892870c278497523264be1be2241,14801,araraquara,SP
5a32c398a06c345440bf2a683b017ad3,21070,rio de janeiro,RJ
db46ca7bce82b11f7e247539271fc390,23080,rio de janeiro,RJ
ad420dd0c4f92f8af951ac24b86d0cf5,38230,fronteira,MG
f61c63d13f7cd800549d5acdd390ae72,18185,pilar do sul,SP
054694fa03fe82cec4b7551487331d74,15840,itajobi,SP
b7d5b4b87af9d42b601865d3f3810bff,88020,florianopolis,SC
7315baebc0572ff220d226283dc66728,13560,sao carlos,SP
c8b0e2b0a7095e5d8219575d5e7e1181,8598,itaquaquecetuba,SP
38102b031c2a15e54623d711bfc753d3,62170,mucambo,CE
160e4f13fd3a64b1b86807be88b5ffb0,83409,colombo,PR
8ccf3cf69651cc1d8a02c8bfaf3b8568,13504,rio claro,SP
391fc6631aebcf3004804e51b40bcf1e,14940,ibitinga,SP
da03c298e3999e9d828591fc2179d109,4041,sao paulo,SP
8a2d12a90e92f012ce5226fc6592b653,81210,curitiba,PR
762ed976527cddf02787edba70fffa2a,86026,londrina,PR
7994081388d55b9cf976c050653dd359,1244,sao paulo,SP
585175ec331ea177fa47199e39a6170a,39400,montes claros,MG
e59aa562b9f8076dd550fcddf0e73491,82810,curitiba,PR
e84ad2127668df3aafc6b73531a0beb8,4613,sao paulo,SP
1a6245add4353f18ed55138808906979,9694,sao bernardo do campo,SP
e9779976487b77c6d4ac45f75ec7afe9,11701,praia grande,SP
48328ec9a579151d9cc6a86d4a59336c,92310,canoas,RS
73a63f72308aa20a46f4b1632018f196,82510,curitiba,PR
252e76235acb79183cfca6e34f13337d,13090,campinas,SP
db4350fd57ae30082dec7acbaacc17f9,3126,sao paulo,SP
3364a91ec4d56c98e44174de954b94f6,76804,porto velho,RO
4324dd16853115efb0fd9d0d131ba6f4,13720,sao jose do rio pardo,SP
d1a1b40ec554c593a1a99366746289dd,85501,pato branco,PR
55a5b51f93f2b70ea513f5a047b0262a,36301,sao joao del rei,MG
6426d21aca402a131fc0a5d0960a3c90,14091,ribeirao preto,SP
bfd27a966d91cfaafdb25d076585f0da,13930,serra negra,SP
6b15924333bd1a741595fe981ea04822,9541,sao caetano do sul,SP
1c83418358f249c9d6affa52d579db0e,1420,sao paulo,SP
04e38a233f726ef161074ab1c9b0399a,1239,sao paulo,SP
f664f98bfda2eaf266a23ff144e7a872,4001,sao paulo,SP
a369d693961cb93b61ca2cc518872a85,15081,sao jose do rio preto,SP
fb8904a8ea99f8831b64ce27db2c1765,9550,sao caetano do sul,SP
9ed65337433adfbedefd23dd76eaa494,5462,sao paulo,SP
24c1de8d9551c0b4fbc53317d53efda8,58385,serra redonda,PB
0336182e1b3e92f029d5354832045fdf,14940,ibitinga,SP
c03121937e54a93fcc1825c3098bbb6e,82800,curitiba,PR
84c945f15571830c1a91a33978e94009,2851,sao paulo,SP
2d378dbb39815785238c0139c7647fb7,89240,sao francisco do sul,SC
385799a1cddbd26dfeb9157356a42282,4676,sao paulo,SP
934ed5cd1b9c1c7382d0a94a94b9e639,81070,curitiba,PR
6806dad1da97bfb5a9038eac6881f706,83280,guaratuba,PR
00ab3eff1b5192e5f1a63bcecfee11c8,4164,sao paulo,SP
71271995e85f5b8530be99ed54a91b89,91360,porto alegre,RS
a435b009cd956ea60748b5cfbddf2e24,14406,franca,SP
9c0e69c7bf2619675bbadf47b43f655a,12230,sao jose dos campos,SP
52f976b17ea7f2f087f56dcc419328f6,86820,california,PR
3586b8580d9c917874e053a1bb37b5ff,14802,araraquara,SP
6edacfd9f9074789dad6d62ba7950b9c,7135,guarulhos,SP
9dd59e43f0c9f0553244e8f9c2fb247e,85851,foz do iguacu,PR
ccf8813e5a7d6c84d865cd38bfc2b130,12080,taubate,SP
8d956fec2e4337affcb520f56fd8cbfd,9780,sao bernardo do campo,SP
e5a3438891c0bfdb9394643f95273d8e,13483,limeira,SP
f9f68daa2af419d38f745478bcb3da1a,13180,sumare,SP
5058e8c1e82653974541e83690655b4a,8583,itaquaquecetuba,SP
15aec03fe4cf30dfa574cf550f5ff5ff,21862,rio de janeiro,RJ
9674754b5a0cb32b638cec001178f799,4438,sao paulo,SP
c161d1327ebc3a156c09582ab2f59f6c,3521,sao paulo,SP
23ff42c4bf1f8f16cddb19d8b972974a,37975,itau de minas,MG
49067458c68f7701fd334ce326accbe0,36050,juiz de fora,MG
76833248bbc0e65a0293ec62023e4396,16200,birigui,SP
51e0557bc7b86de13e946c60ee91ce39,31510,belo horizonte,MG
9da1ca0bef29ee170e541927a5aeabdc,15500,votuporanga,SP
6c7d50c24b3ccd2fd83b44d8bb34e073,19025,presidente prudente,SP
3faf68a3b0af94b10bac70d86077be49,13825,holambra,SP
05feb94f19d094d4b0f9281f0b1d4c99,8752,mogi das cruzes,SP
f650a9708fa1bab22bdd8d3a818cc415,88901,ararangua,SC
5cbbd5a299cab112b7bf23862255e43e,83324,pinhais,PR
ca3bd7cd9f149df75950150d010fe4a2,4361,sao paulo,SP
ebd1417732defaf66c50b5a800eb293e,86047,londrina,PR
4b1eaadf791bdbbad8c4a35b65236d52,14092,ribeirao preto,SP
bc503e244f187939d10c92a5c8e378ce,16200,birigui,SP
1caf283236cd69af44cbc09a0a1e7d32,26020,nova iguacu,RJ
20d83f3ef0e6925fd74bfd59170babf7,2804,sao paulo,SP
59417c56835dd8e2e72f91f809cd4092,13480,limeira,SP
a13580f0e8f782b7a543885a0ef99f08,22790,rio de janeiro,RJ
ccada0ef508e698917a6eab263375905,85948,pato bragado,PR
4bde6149c15cf7e177b36fa060dd6de8,99500,carazinho,RS
fe1bbc5feda5c8979a8a1b3b2512d5a6,38680,arinos,MG
e7df4cd29ab5abab70fb0783ddb53987,4122,sao paulo,SP
0432ead42b6c8a0bdf68154add917fdf,9320,maua,SP
7e959205cebc10adefcb331f934238a4,1223,sao paulo,SP
2a261b5b644fa05f4f2700eb93544f2c,13660,porto ferreira,SP
f680f85bee2d253556ac91be391d2c82,6365,carapicuiba,SP
3785b653b1b82de85ab47dd139938091,85640,ampere,PR
d379f449f2a3b271bc01c0782020f705,35500,divinopolis,MG
7ea5bfa6c340f58f8e71fc1f0412b0d6,30180,belo horizonte,MG
6902157ee16728322d61a1321fa79e58,1026,sao paulo,SP
f3041c2e75ec683697a6a5ea82192210,35680,itauna,MG
a2fa0bdc798ee84cdb08281337cf4fb6,88063,florianopolis,SC
bd697db56ff8e7c9cd1abeb7f72029b2,3533,sao paulo,SP
1a3df491d1c4f1589fc2b934ada68bf2,89224,joinville,SC
e81e1f9c3e762e620f3fb60a51499e16,89520,curitibanos,SC
4170f6a9367e6b5d6401d03ce6d54569,71906,brasilia df,DF
6560211a19b47992c3666cc44a7e94c0,5849,sao paulo,SP
e3e290b38963293022cdcd6db8328103,1403,sao paulo,SP
70b52a4cfc823994561b00bad161b4ed,2727,sao paulo,SP
bf0045791395e66460eb04749c68672a,4256,sao paulo,SP
718539d38d07dd351c76db862760e2e2,13088,campinas,SP
22a23e5ac7061fc538cc2a019afaaf16,30310,belo horizonte,MG
0b90b6df587eb83608a64ea8b390cf07,87025,maringa,PR
9200e6ce317b67196b6b0bad4d4bd567,20771,rio de janeiro,RJ
4c60877808f4318ef1107fbeb8f89afa,12940,atibaia,SP
ae8bfdbf1c2a2a2dee92d799db0a31c6,85900,toledo,PR
8a87611c08849ffeeccab52aa798b6c7,82940,curitiba,PR
679769a98cfcc6da877c8486ff1c13f3,35162,ipatinga,MG
acf974e4d5950ad143a247471b831eb9,95059,caxias do sul,RS
febab0275244b9a49a623f0bd613ca2f,13920,pedreira,SP
f3da5b2ff499efb8d4a6d371d175d7dd,2407,sao paulo,SP
436bf27f2f18474fc6047702e9f8a866,13041,campinas,SP
d2f3e277560ed4c6361284429b00f037,12942,atibaia,SP
cd843d4cf8ef32827de0396605163ba3,36071,juiz de fora,MG
1acde099eb406aa220b1169b188b42da,2532,sao paulo,SP
d97df38225e5abadaff1e72cb72b823c,9560,sao caetano do sul,SP
45213867cefbf2cd4c6177e10216a951,13603,araras,SP
61b893c57e33626afb104d4112b1be76,37142,divisa nova,MG
a420f60ff1aa9acc80d0e42959f2b313,5138,sao paulo,SP
ff4ea69c2a729e83e63c7579e4ef8170,7071,guarulhos,SP
fa5fdc4e4bb6bd1009ad0e4ac4096562,9111,santo andre,SP
916748bc99315c2d202898ae58b1617e,18040,sorocaba,SP
bc2ac6b95e1accce9858528ee566c17e,13085,campinas,SP
25debeafbce801fdd479539350185eee,17350,igaracu do tiete,SP
02c988090b766852e088c69d7fb3b551,13473,americana,SP
e5f9e61ceb5f523cc966e0f34095032f,88353,brusque,SC
ad97a199236354e53fcd91a5a913e9a2,88350,brusque,SC
3606774ec64634822d78dc2db6d37045,9510,sao caetano do sul,SP
c7dcd301ecfe5ab7f778ac172cf74be7,30120,belo horizonte,MG
32e5635e63cb374eb63afdd242fb6134,22451,rio de janeiro,RJ
8602a61d680a10a82cceeeda0d99ea3d,1001,sao paulo,SP
fde0cc9ea29c8ccfc0a2c22256a58c71,81650,curitiba,PR
e63e8bfa530fb16910dd6956e592bb81,7160,guarulhos,SP
515d781150feed28a6ac091bb0e3cb8c,79090,campo grande,MS
e908c0f3646e8b60375734a350d95d71,1226,sao paulo,SP
13fa2a6c6b9d0f43cb588d7c82117a12,3567,sao paulo,SP
5343d0649eca2a983820bfe93fc4d17e,9270,santo andre,SP
e4ebd3f87bf70440014f07ddda7fbe03,19470,presidente epitacio,SP
33a17d60c64393351ebf1ef860f4e0f2,91510,porto alegre,RS
d57e18d5f73c7ccb7f7339b61166898d,3613,sao paulo,SP
dd2bdf855a9172734fbc3744021ae9b9,31255,belo horizonte,MG
aadfe0417e61315688b6bd7043361e25,74340,goiania,GO
933446e9a59dece7ae9175103820ca8f,81730,curitiba,PR
3f8247d0f772ffa58560e5c682521ad5,89211,joinville,SC
4aba391bc3b88717ce08eb11e44937b2,45816,arraial d'ajuda (porto seguro),BA
fcba71d4d5db057f43249145e4eb1e27,13481,limeira,SP
c747d5b92c7648417faea95d36d763e8,61800,pacatuba,CE
715bbd5ba4e6b74cb0d2f29eb45058b0,13930,serra negra,SP
1430239a858e7682bbc43b20758af153,4087,sao paulo,SP
bb7a14e229b1c95156719c3d9552eeee,23095,rio de janeiro,RJ
8f2b51a30523cdecddc2f179f351c7d6,4833,sao paulo,SP
6b536a23086fba0d58c08d68814397f6,24346,niteroi,RJ
95f83f51203c626648c875dd41874c7f,37564,borda da mata,MG
6b243f80ed07b10f0e8aa0f21a205f3c,81825,curitiba,PR
e7f3bf1ecd8526eb7f3b18059e6716e5,11680,ubatuba,SP
4d600e08ecbe08258c79e536c5a42fee,85988,entre rios do oeste,PR
2089a6d640999f9b9141ac719b2af596,13566,sao carlos,SP
458c6fa920810ce2492da71bc26d9eec,15813,catanduva,SP
3969863bb8af7f72580b3b1ffd3a17b3,3550,sao paulo,SP
2a5b78b41cd05baeac8df54c6606b92c,35570,formiga,MG
b32be1695eb7ec5f10f72d9610a12527,95012,caxias do sul,RS
b94cc9f10ddc85e4ba73a6f7974e7101,27930,macae,RJ
53243585a1d6dc2643021fd1853d8905,42738,lauro de freitas,BA
6df688df543f90e9b38f4319e75a9d88,31230,belo horizonte,MG
9e17b9d64683aebcbb9ee362d06463b4,14020,ribeirao preto,SP
b1fecf4da1fa2689bccffa0121953643,79107,campo grande,MS
7b1222c3624aa89b9558b50a2594188c,15041,sao jose do rio preto,SP
ba6b68b55fe8704377a7d43c8e5c0185,30130,belo horizonte,MG
570d4583587a5fe2d47c7be89b91ad27,2220,sao paulo,SP
9591fc341b1bfb7ef561e2968ec6e011,4456,sao paulo,SP
5d9dc90a686a8fddacffab6bab5653a3,6513,santana de parnaiba,SP
cc80e2f693fa6e2408f47ccf62413fc1,81050,curitiba,PR
dee656f0f566ed1aa85bd137c943f08f,12701,cruzeiro,SP
ace601496e211a664100321f038f50af,2372,sao paulo,SP
d673a59aac7a70d8b01e6902bf090a11,14940,ibitinga,SP
d4a5e99e0dd915df64ba55a7fbd583fd,5041,sao paulo,SP
6bcb2352a2a0c38b845f598298ab9d26,87050,maringa,PR
f3b80352b986ab4d1057a4b724be19d0,71200,brasilia,DF
0307f7565ff85b299b6e5ef162b1b1a9,15085,sao jose do rio preto,SP
ffeee66ac5d5a62fe688b9d26f83f534,15130,mirassol,SP
3bfad056cf05c00dabe2f895925d83b1,6033,osasco,SP
74bafed391319577bce6f4d2acc0589a,1311,sao paulo,SP
2b03ac196f5ed62ac483960fe0fa3b65,2510,sao paulo,SP
0bfd0b434243adc5c2e1aa6baf19c6aa,22745,rio de janeiro,RJ
92d14edfb62ee5ae7fdff70b0f4e7233,9810,sao bernardo do campo,SP
2fb25ab44bdbeae6a4d816e0d0c9d500,27274,volta redonda,RJ
ed4311e67debd72b8610a5347a743087,7170,guarulhos,SP
f9bbdd976532d50b7816d285a22bd01e,5319,sao paulo,SP
a5bff0f43eb51f0cad7c37fac7244c8a,4827,sao paulo,SP
1354d51653f645349064725ed204e85e,1230,sao paulo,SP
5b664594895aefb418afaee6d40a9a23,25750,petropolis,RJ
bcd2d7510d58e293f20fad6438c1b314,81540,curitiba,PR
ec4608a1f76453166bb312b2968aeaf4,13660,porto ferreira,SP
5c603ffb38cbbf25a0e0698941324143,37004,varginha,MG
2bd05d410a8fd26dc4184a15f4f2f588,31130,belo horizonte,MG
293dee954235e4e4e43f129313625ebe,72125,brasilia,DF
cd68562d3f44870c08922d380acae552,14050,ribeirao preto,SP
082e0bf4cb865a6533b1e8e498cc0255,18608,botucatu,SP
c286ec035ee04ba81c97508f0b5df544,81320,curitiba,PR
dd8a29ce82d5c705ba932d81494600a5,8220,sao paulo,SP
782f78b632a43875dd5b53e3e49c9564,13030,campinas,SP
fe19dce63ae80346207c6c55713d1023,38010,uberaba,MG
a67780aba9dd436e7ac0aa1f889e73ec,19027,presidente prudente,SP
b1b3948701c5c72445495bd161b83a4c,3390,sao paulo,SP
00ee68308b45bc5e2660cd833c3f81cc,3333,sao paulo,SP
685b870da5b52a710782c9c0fefbeb5b,9820,sao bernardo do campo,SP
701938c450705b8ae65fc923b70f35c7,15014,s jose do rio preto,SP
cf8ab1616079e2793aa29d524df01bb1,4088,sao paulo,SP
59b22a78efb79a4797979612b885db36,38414,uberlandia,MG
ea8482cd71df3c1969d7b9473ff13abc,4160,sao paulo,SP
72bc2cce903c872fe376a8faaa81d237,4693,sao paulo,SP
65c255b299faf2d12050937cc219c46c,3060,sao paulo,SP
72c73be2b085b9d57650dd53eb2004c9,2116,sao paulo,SP
c2bda99904207edd1834f03e0022b007,8280,sao paulo,SP
5b925e1d006e9476d738aa200751b73b,4567,sao paulo,SP
06bb3a2fe5e7b7a845b13e8fb91bd944,31844,belo horizonte,MG
fe2032dab1a61af8794248c8196565c9,13030,campinas,SP
74a9b9bddf14ece02beb81f52c41a88d,1156,sao paulo,SP
e0a366315b1b726b6c7832d664c0f530,2258,sao paulo,SP
4049512728d969bec69f84088b012416,30310,belo horizonte,MG
cd6efc47efaabf134f8bdb654e10b4f1,23050,rio de janeiro,RJ
2a7c6c0b0d5efde2bf75ec1e1cec2d41,87015,maringa,PR
4e17c65a516f69d023a2ae78b84f28d6,8673,suzano,SP
c7a0a13cbcf29d5ce51c8f80afdc0b89,89170,laurentino,SC
33ac3e28642ab8bda860a2f693000e78,6717,cotia,SP
8936ba0de1073ee888cb3185ae5dc661,3372,sao paulo,SP
18a349e75d307f4b4cc646a691ed4216,1319,sao paulo,SP
b55638ad525e906c698fa2ce742c1742,88780,imbituba,SC
be9a160a9011f627c3e121d076c1ec7b,89256,jaragua do sul,SC
ed859002ad59dbf8cf3602696a6c3000,86035,londrina,PR
12b9676b00f60f3b700e83af21824c0e,95780,montenegro,RS
9c57bc60cfad5ee62d35d3f1ce4593a1,81200,curitiba,PR
9539213aa8e023c01937bef95dc006da,3673,sao paulo,SP
69a43819c758c65a5befb0b471c954d7,86802,apucarana,PR
8fdca8e349553f99bc738833a62c8802,2189,sao paulo,SP
0bb27263628258b8111a0262769fa9db,3077,sao paulo,SP
08061dc0fc165ed41288cc7acde738ee,6036,osasco,SP
4ebdc7e6cd6102a022dadc49156d4ea8,5030,sao paulo,SP
f918546be4bec7104d117789ba758b2b,5634,sao paulo,SP
80146bc52c4f6af5239b23de2a20262b,6753,taboao da serra,SP
26bad72add1f86e08a776ce4ffdaf1ca,14470,pedregulho,SP
e174dc2de86d60fee178170a154c05e7,9210,santo andre,SP
2a84855fd20af891be03bc5924d2b453,30111,belo horizonte,MG
cf2384dd2f1dddea3f838efed0945e65,13930,serra negra,SP
439a47cc365d6e3bd526812ea9de3c29,8730,mogi das cruzes,SP
4b39558c138930b9e5489c93b6df5fe3,49055,aracaju,SE
4b9750c8ad28220fe6702d4ecb7c898f,13484,limeira,SP
2059c39f76271d4ca3f15b5ffaccc8b8,81930,curitiba,PR
edb65fe661681b1c0de8bd47c8655855,8111,sao paulo,SP
8cbac7e12637ed9cffa18c7875207478,89254,jaragua do sul,SC
fdb9095204a334cd8872252ffec6f2db,3331,sao paulo,SP
5b97c06a046398e7005b2b7c0d707a92,38770,joao pinheiro,MG
aae3bfea055532c57fb453ed3ec80b30,9271,santo andre,SP
866558b3bccef2dbc6d29a2b5995016f,86706,arapongas,PR
cb5df0dcb9e280b1780e9d589889f2c7,15115,bady bassitt,SP
9bcdfa7b615b3abb9461d9e3ad9886ae,89053,blumenau,SC
2dee2ce60de9709b1a24083217181a1f,78552,sinop,MT
a154d7316f158bb42e6fa18bbe3afd3a,3804,sao paulo,SP
f84fa566034f5e8e880a07ec624c56af,13330,indaiatuba,SP
2063dd1b9f568df1c16741ea7d3e6adb,85065,guarapuava,PR
9cea4682e16655f7da87f406902e989e,83707,araucaria,PR
b1ac6ea7895bc3dd6f0f6f4abbdd2821,92030,canoas,RS
0ff83046c3fa22efee8ecf291888b191,95110,caxias do sul,RS
2b2fed75b8e5ea3a052fc4c0825da485,36015,juiz de fora,MG
aafe36600ce604f205b86b5084d3d767,88115,sao jose,SC
a99504ac23ed125aaf5302af6cc30af9,14300,batatais,SP
5882820ef11c4c068eea0677a7a879b4,95082,caxias do sul,RS
180c3376aff0e43dd5788709df48a843,9911,sao paulo,SP
f4c4daa86e30c7e5a553a8d518ac03a5,85801,cascavel,PR
4003520d80d0bad1d5623f7aa3c63cda,20520,rio de janeiro,RJ
6c1b6d0c604b776f844125f911eb7377,5051,sao paulo,SP
a888faf2d1baececa6baf9c3d603ee1f,87502,umuarama,PR
681fce914360217db47784ae28905a96,83709,araucaria,PR
7b3447b497e55af8c15fc7bd89d7b81a,8225,sao paulo,SP
2f9b7ce230a057a98a9f5df5893ee36c,6460,barueri,SP
41b39e28db005d9731d9d485a83b4c38,9220,santo andre,SP
809413606dbfe5deefd2db646693ef67,4602,sao paulo,SP
740205fedfe4e90ca6857bc77db0f2b4,95055,caxias do sul,SP
c79151301b9d90985d1fa52879213105,87083,maringa,PR
3d4b1ae7539303b5704493798893e82c,3244,sao paulo,SP
65a7c0788e4d632ccb5e1b594b87f0bb,5782,sao paulo,SP
001cca7ae9ae17fb1caed9dfb1094831,29156,cariacica,ES
8b87cd0d43d49b9bdf40f56229364d59,4111,sao paulo,SP
c6bda72e4dbf5c5866b13cb1810c6d03,3087,sao paulo,SP
4a82c4af97ffc0fb2dc26bfdc03b1842,35590,lagoa da prata,MG
3985a3c45be355a4c57fde108bfabd1c,95690,rolante,RS
cd06602b43d8800bd0afad514919d35c,4119,sao paulo,SP
8f0fbe2cd4d472157dc1cdef6edecaa9,2755,sao paulo,SP
f44b6f775a2b390380e0e30b5c9d3eee,3057,sao paulo,SP
2e0dba2da448400b1c11d7b4b22f32a4,9070,santo andre,SP
9baf5cb77970f539089d09a38bcec5c3,13330,indaiatuba,SP
f4a04f7be452aa3bb31760bf00055dd0,9010,santo andre,SP
dbc22125167c298ef99da25668e1011f,37564,borda da mata,MG
bc302730ea8cf49b5c74f579febb5bbf,13015,campinas,SP
048c2757535328e0d7dac690ad3c0aae,14406,franca,SP
bdb3edbaee43a761e2d4f258dc08f348,18680,lencois paulista,SP
b127efdabeffb5d559349c7b172eb75d,4308,sao paulo,SP
b88e7c57cb2d8b973b7dd4a2bfa14b36,81350,curitiba,PR
1967a9e2ad6f51802b093147d861df58,1209,sao paulo,SP
d91fb3b7d041e83b64a00a3edfb37e4f,11704,praia grande,SP
749e7cdabbaf72f16677859e27874ba5,7122,guarulhos,SP
56a8b450e802502ba53a9885ee38e29f,9895,sao bernardo do campo,SP
9b00ed88b7fdb95d6ff76e27c1b52d16,8215,sao paulo,SP
c13fb473e7cb8b83ccd543c094df0608,5319,sao paulo,SP
17998cf586426bf0f2c3726cb0a4b211,30710,belo horizonte,MG
c88f62b4c386a59281014d677864d016,86707,arapongas,PR
c864036feaab8c1659f65ea4faebe1da,83605,campo largo,PR
79565f7d5603b24ddf07ade262547f2f,14804,araraquara,SP
4e0d109ccfba9a1151c103049880c857,25550,sao joao de meriti,RJ
5f5b43b2bffa8656e4bc6efeb13cc649,4880,sao paulo,SP
87f3e35268860433e13d577825aada95,12955,bom jesus dos perdoes,SP
6e864f5c4669eff3d98140a07cc50202,5639,sao paulo,SP
7bcd7c5f8631701474db233ccf1c094b,2047,sao paulo,SP
dbd66278cbfe1aa1000f90a217ca4695,5588,sao paulo,SP
e7d5b006eb624f13074497221eb37807,9291,santo andre,SP
6c9875b2f94ba781186f0c1aed8d1687,17380,brotas,SP
2f74af7a0ee5636f12c2336f9fffed47,2376,sao paulo,SP
04fdea0c111866e6cf812f1570d6b5bd,8411,sao paulo,SP
63b464dbf392c7b80d12d932fa7cafed,2034,sao paulo,SP
747c1cdcd1737dcfbd1547f6eb6f2cf3,14940,ibitinga,SP
9c068d10aca38e85c50202e17b4a7e88,79400,coxim,MS
7c67e1448b00f6e969d365cea6b010ab,8577,itaquaquecetuba,SP
9ef932e837d8b7f392c0bfee9d359dc2,14940,ibitinga,SP
66dc1b1632bd6a3e508510c5b3492107,17210,jau,SP
db1f0f7c7e5e87f40b62226f020bb297,83322,pinhais,PR
91f0eec23d4a61d7d7caeefa3f0ad1ca,88704,tubarao,SC
b335c59ab742f751a85db9c411a86739,38442,araguari,MG
c24173065483e421f9e5e7f599de101d,3548,sao paulo,SP
01fdefa7697d26ad920e9e0346d4bd1b,86050,londrina,PR
d9e8c084b68fe958861d8f2c21202e6b,5528,sao paulo,SP
43f8c9950d11ecd03a0304a49e010da6,6341,carapicuiba,SP
4450bd8327d471c4a11a83d1445b1b62,6714,cotia,SP
e5def42655b7490edac5a56fe8e9e603,13900,amparo,SP
091065b789659bc3cd9af9cb3a6253ff,92120,canoas,RS
c26a2be5b53b7db6b276280da212a779,28630,nova friburgo,RJ
cfa5ab0e4d3fc212fd0b3410e7081c62,36500,uba,MG
6750d71153f00fc58829af2a8ef1bcf1,28800,rio bonito,RJ
b57e8460909fa137df7951b4a3b5ea84,90640,porto alegre,RS
eeb6de78f79159600292e314a77cbd18,88501,lages,SC
abe021b01ba992245271b9aa422032df,80420,curitiba,PR
a2a41aedb70551d4a85aa04dc2fced48,4447,sao paulo,SP
4bf2f4ee540798a61f9636d12cd9cc80,19814,assis,SP
25e6ffe976bd75618accfe16cefcbd0d,5503,sao paulo,SP
9dda5bbacd45e18d6485fee649205d09,37540,santa rita do sapucai,MG
2528744c5ef5d955adc318720a94d2e7,13202,jundiai,SP
b8d890108a7a80e4f5d59eea9f362438,81110,curitiba,PR
1d8dbc4f32378d715c717c1c1fc57bae,86706,arapongas,PR
fc906263ca5083d09dce42fe02247800,31030,belo horizonte,MG
1d2732ef8321502ee8488e8bed1ab8cd,20031,rio de janeiro,RJ
a70e9066dbfd10b6b97a3f54a1356762,86975,mandaguari,PR
9596c870880d900012f2e8e6e30d06d7,37074,varginha,MG
4b98b0428fc1932cc2514ef9ce2505e6,6795,taboao da serra,SP
1da366cade6d8276e7d8beea7af5d4bf,36500,uba,MG
a3082f442524a1be452e3189e003b361,81560,curitiba,SP
3820c6537b3853be1a0687d5a60807ec,6717,cotia,SP
244b04680fdbded0acf5aebd9c92b44a,13211,jundiai,SP
e96498ed8daaa3e9c23f7a62da76591c,5373,sao paulo,SP
ad781527c93d00d89a11eecd9dcad7c1,15015,sao jose do rio preto,SP
b5e3e38609125694d2ea2417522a60b7,88020,florianopolis,SC
bacb1f0ed56ad24198f5810d2b3fe9a5,12328,jacarei,SP
ae45ad30c2d2e5913094769690a239d2,14405,franca,SP
2156f2671501a81034d7d07f217609d0,4776,sp,SP
128639473a139ac0f3e5f5ade55873a5,87050,maringa,PR
7a241947449cc45dbfda4f9d0798d9d0,37590,jacutinga,MG
7e1fb0a3ebfb01ffb3a7dae98bf3238d,14403,franca,SP
376a891762bbdecbc02b4b6adec3fdda,74323,goiania,GO
e76ecc7e9a1a1e3c6df9d2a8261c423d,30140,belo horizonte,MG
1dfe5347016252a7884b694d4f10f5c4,14940,ibitinga,SP
528bcf6680c36dddf07620bd35b33a6f,3178,sao paulo,SP
579891617139df7d8671d373f0669622,20061,rio de janeiro,RJ
48985c61529077fa4f1e38bcff0f2ed3,90020,porto alegre,RS
25c5c91f63607446a97b143d2d535d31,35680,itauna,MG
d2374cbcbb3ca4ab1086534108cc3ab7,14940,ibitinga,SP
1eade46fba20122dc4aefb379f8c636b,2066,sao paulo,SP
c9a06ece156bb057372c68718ec8909b,73020,brasilia,DF
6b2612338467c08c9b25f0cc55b1578d,86990,marialva,PR
40d54b51e962dbe09cabbcfd33298dee,9230,santo andre,SP
b98b715fe9e276204e2a3464f48cd796,3827,sao paulo,SP
05d2173d43ea568aa0540eba70d2ca76,37135,alfenas,MG
999f6d9a1c7c81f43be44c6b7d076210,5269,sao paulo,SP
a20d8058c866dbaeca014d2cd20ac62e,12209,sao jose dos campos,SP
058cb5aeb36d7c0fcae20fc85d5e0a59,21635,rio de janeiro,RJ
48efc9d94a9834137efd9ea76b065a38,81130,curitiba,PR
218f991754f360af9c2daa5e0b8e990c,1123,sao paulo,SP
5dc4bdaf869e8c77c648078cbe8d59c2,88035,florianopolis,SC
a3b0df0065e264a91b7bbf5f844af5cd,9721,sao bernardo do capo,SP
37dd29b36c458d82f74a953c40c43645,13480,limeira,SP
077c5fae4bea9500e3737b16f71b9d3a,18052,sorocaba,SP
0dd184061fb0eaa7ca37932c68ab91c5,7031,guarulhos,SP
5b35136197710e16ac5e7b7c2bd4ea85,22640,rio de janeiro,RJ
60562ab00b8054280520d390c8c0045c,4809,sao paulo,SP
1d29dfba02015238dfbe2449a5eaa361,36576,vicosa,MG
ad273c9eb54ecb4532de4bf75bae9e4e,80420,curitiba,PR
7813ea3ebd9411dc600b4dd01f7a97b9,6018,osasco,SP
2aa3443d7bf9d9bb11133f420d75e083,22713,rio de janeiro,RJ
c3867b4666c7d76867627c2f7fb22e21,14580,guara,SP
0bae85eb84b9fb3bd773911e89288d54,88301,itajai,SP
35fb511489d9ee3ee27a76debce9df06,86061,londrina,PR
7e3dde9ffba72d5340f9aaf09b4424be,86185,cambe,PR
8ff38bc3969e67c36c48343a07090f66,8260,sao paulo,SP
058fd0aa2bfdb2274e05e1ae971dabb6,9020,santo andre,SP
f615fe7efbef0f4f08fd3086bc7a3e60,12940,atibaia,SP
aa1eb17b9fdf6dfd546e25c45c7b9235,4794,sao paulo,SP
07bf9669d84d1f11be443a9dd938f698,4761,sao paulo,SP
08633c14ef2db992c11f840f04fad4cd,9416,ribeirao pires,SP
f419677537694f0462a91990df6ca44f,9750,sao bernardo do campo,SP
e88c9b79e592e370d6bd852eeefbf057,85501,pato branco,PR
7a91bf945c6fae0779f1c61ce97fe45c,26562,mesquita,RJ
6dc9bec584588412a6a338830946a3e4,3270,sao paulo,SP
5b8154610ebb21fb90eb587365e673df,12246,sao jose dos campos,SP
fb89df7f89fd1b8f03fa2acca1ba7364,85853,foz do iguacu,PR
17ca9b9e9b9ef8fdb529001b49ebb50f,32677,betim,MG
3f0e48d209018b466fcd3bb4ccfeb520,80215,curitiba,PR
9add47bf45ce8e8c7db6b9cf670b1e09,83830,fazenda rio grande,PR
f262cbc1c910c83959f849465454ddd3,3564,sao paulo,SP
c113b8df1fc375bc3d73d29c1b1144d1,8021,sao paulo,SP
bd65d163ded559eb90a10cd09fec178f,3526,sao paulo,SP
720e6cf846ea7572cbb66b743fb91e6c,8717,mogi das cruzes / sp,SP
8f580d36c1e9d6fbce95283403c7d447,14090,ribeirao preto,SP
cb4a705d00e100b9732d0ca34817d441,88032,florianopolis,SC
f266295f49a28eee21f413e0cbb0521d,84020,ponta grossa,PR
1e47d8b6546eb3a77b1acddcc9406242,13015,campinas,SP
14ee35374a7876217954b5fa08e50463,15015,sao jose do rio preto,SP
8fe8786ee000001ab51d030dfd4a7bf1,88490,paulo lopes,SC
e72b4feb7abe210c52aa667abc25a3a2,3122,sao paulo,SP
373ee4a3a775a733770ca3f790b8b9ac,22793,rio de janeiro,RJ
432c37c9dfba871172ec162e20118b8c,70235,brasilia,DF
1fe61aa5494bd3ae92a2c13e067c810f,89540,santa cecilia,SC
e9511df20ccd82658a30c37b7fb343af,17026,bauru,SP
27a56ff04b34c2ba34ce6ba4d3b9d616,13033,campinas,SP
888faa8bfb0b159c37de6d898b961c31,88750,braco do norte,SC
432c67955c0acd1fd6b0b5d678766a71,5571,sao paulo,SP
7cb946b1ad19faebe28c3e86c2794ec3,35701,sete lagoas,MG
6338ea67c41078a46ad99cc009654956,95170,farroupilha,RS
6c12e40690c335dbc2f68a4134d30dc1,84178,castro,PR
9a84ba99f5367fdbd4598363496f1ea2,72801,luziania,GO
954e95f20808d7e5d11f0de292d078e0,35930,joao monlevade,MG
fb503a924a0b9db19d83dd0ac6dbef8c,96020,pelotas,RS
4ba52dfeba874da5b9ee7b17c7494f04,8790,mogi das cruzes,SP
5b581417df4480f632484ba681e53944,88050,florianopolis,SC
c7c7b2682c648339a0e9846bb1023a39,12916,braganca paulista,SP
06e5eefc71ec47ae763c5c6f8db7064f,91350,porto alegre,RS
28ea411b354f14b1a494be4e79f0ce02,5685,sao paulo,SP
2a6fbeaa7ab9e5d59a35841a8da71ce4,89259,jaragua do sul,SC
3fadb4cba4c35bce6a7eaf9872d5623a,95013,caxias do sul,RS
1987cd4be10fe09ee50454f9c354d1c6,37570,ouro fino,MG
817f85dbb65aa3e70831d90fe75cdf89,18530,tiete,SP
2b5ed0c9139dae8883a200dfcb272ece,4087,sao paulo,SP
9b00cad94ef3078faf6fba2e792c158f,39442,janauba,MG
6860153b69cc696d5dcfe1cdaaafcf62,13360,capivari,SP
903037660cf848a717166eb7a06d616e,5734,sao paulo,SP
f08c008c8a8d31417763738a1788a2a8,85875,santa terezinha de itaipu,PR
bf3c6d2a28b2b5501e6c15448982dcc9,4180,sao paulo,SP
e99e927c81e3f51739c94fcdfca9f10f,38400,uberlandia,MG
066a6914e1ebf3ea95a216c73a986b91,85863,foz do iguacu,PR
6d66611d7c44cc30ce351abc49a68421,4378,sao paulo,SP
e48cc16ab70bfa09e1401740dce0b3d7,16022,aracatuba,SP
da20530872245d6cd9d2f5725613c430,95650,igrejinha,RS
76d5af76d0271110f9af36c92573f765,3194,sao paulo,SP
729f06993dac8e860d4f02d7088ca48a,13481,limeira,SP
9e9b539eb2806acee3f5c28085c1db9f,32315,contagem,MG
fa18c782a4866d313cadab567097f8f1,31535,belo horizonte,MG
b77a27b1864483e721dc831d5ba4afa0,25251,duque de caxias,RJ
41c9d3997dd3c072c31139dc5bb5761f,38182,araxa,MG
700f03c207639c22d933381ff60b35c2,14784,barretos,SP
50770d25768b0486d89be26afca3108f,9271,santo andre,SP
b19f3ca2ea475913750f25a5c37c8d8f,35501,divinopolis,MG
6179a28a13a726c29b3bf54c070dccab,37048,varginha,MG
cc419e0650a3c5ba77189a1882b7556a,9015,santo andre,SP
0df3984f9dfb3d49ac6366acbd3bbb85,32604,betim,MG
7008613ea464bad5cb9b83456e1e6a8f,89460,canoinhas,SC
7f152321c60a266edc53af1925ef96c1,88801,criciuma,SC
c4fb51fb1c5b7c07bc5e67be6e7e8f6e,80060,curitiba,PR
52ac6f920b7280e4c6d30dd94de6259b,83321,pinhais,PR
9e94fa26a70ede4d26226e918e8706a2,13570,sao carlos,SP
eddd1991bd6d9309995a480c39b95137,84010,ponta grossa,PR
994f04b3718c2bab35c2adfa8afecd2a,13912,jaguariuna,SP
3f3486b61f45078d4f31ee5e43d8c5bb,3035,sao paulo,SP
977f9f63dd360c2a32ece2f93ad6d306,14910,tabatinga,SP
d9442042130b7fe579d1295f9f4a248f,3550,sao paulo,SP
da2782c804606d2a5d8e1760dbb3e7ec,2022,sao paulo,SP
ce248b21cb2adc36282ede306b7660e5,89251,jaragua do sul,SC
77dcbb67ccb3659bd58eaf5661560a30,95900,lajeado,RS
70849ca4f400aaabb62cb7462a6f1428,31210,belo horizonte,MG
8d46553a36e68f95350a200c12f8f2e2,13056,campinas,SP
dc317f341ab0e22f39acbd9dbf9b4a1f,94910,cachoeirinha,RS
d93844a9c55ba7ce353388bcf849ea56,82320,curitiba,PR
52b53f7061969fe471d119b6195da864,88301,itajai,SP
1b8356dabde1d35e17cef975c3f82730,3477,sao paulo,SP
c4b911d06343b21dd906651f8101cb49,17560,vera cruz,SP
f44bdc12aa39f5271f0b95f66cd4c289,12914,braganca paulista,SP
9bf11dfc0bec77e5a23028043c3c5a8f,32140,contagem,MG
13f57c12a00ed4610db646b913a7f5c6,11015,santos,SP
52562a9f449c3dc3d53f5f5b9ed74903,59152,parnamirim,RN
3ea00e1dea2b0659dbaf654735929220,80020,curitiba,PR
54965bbe3e4f07ae045b90b0b8541f52,85851,foz do iguacu,PR
2d8cfba3fcd3170555941605edaa196a,6080,osasco,SP
6039e27294dc75811c0d8a39069f52c0,6162,osasco,SP
b45d7ebfb7378630f1bcd74b6ff86ff7,30285,belo horizonte,MG
e2a1ac9bf33e5549a2a4f834e70df2f8,1210,sao paulo,SP
93bef6edaa84956e8e575016449b6351,3568,sao paulo,SP
05ff92fedb5be47920fea08e501238b9,98803,santo angelo,RS
68f86ba270525243e68ae74044f992b9,21941,rio de janeiro,RJ
916c9de0b5ad957346eeeb12f332687e,80240,curitiba,PR
c68fb906c8f4b4b946d8386bfa6e5467,14870,jaboticabal,SP
93dc87703c046b603023e75222018b45,30315,belo horizonte,MG
10076e5788b8ee532724bcd460baf762,14315,batatais,SP
804287717b9156fb7a787acd9af4fac1,87030,maringa,PR
e9c6969d40e6a3d2d0f90013165c2b98,3448,sao paulo,SP
01c97ebb5cdac52891c0ed1c37ba0012,15804,catanduva,SP
f0b47fbbc6dee9aafe415a6e33051b3f,9360,maua,SP
bd149ed516d4c5d418d5781f8e18919f,7241,guarulhos,SP
3dbbce181edfaa4a597ec858c382d2ec,82515,curitiba,PR
06532f10282704ef4c69168b914b77be,87140,paincandu,PR
1127b7f2594683f2510f1c2c834a486b,13087,campinas,SP
cd52a8efd71af3336b14b5039b951cc1,88136,palhoca,SP
79ed755314cfe6df0daef2c6cd3022cd,13503,rio claro,SP
2c9e548be18521d1c43cde1c582c6de8,8752,mogi das cruzes,SP
de66a66f2dd06bb9ec37aa96987466a3,20910,rio de janeiro,RJ
c31eff8334d6b3047ed34bebd4d62c36,13322,salto,SP
c87abc38c8ed3240861729e1aeadf221,5713,sao paulo,SP
07a9bc7f61396b658ddf3ac534efe44c,2925,sao paulo,SP
822166ed1e47908f7cfb49946d03c726,25803,tres rios,RJ
98e164d549402270247f3c96a1a158ef,5083,sao paulo,SP
2e3be8a987a30d7544dbbda6861cc14e,30620,belo horizonte,MG
b6c6854d4d92a5f6f46be8869da3fa1a,1042,sao paulo,SP
b3f19518fcec265b2e97af287725f981,15170,tanabi,SP
b2ba3715d723d245138f291a6fe42594,3470,sao paulo,SP
31344c16881c08a8a72c6d2eb29918c1,36500,uba,MG
4e42581f08e8cfc7c090f930bac4552a,13660,portoferreira,SP
9a208dee8f95cfdf00760c4d627828ec,26125,belford roxo,RJ
d58d521f3789def2e7a22715e0badd93,3643,sao paulo,SP
0aea4c6ae1505b3228ddf3dd7822ee5b,18080,sorocaba,SP
fcb5ace8bcc92f75707dc0f01a27d269,7032,guarulhos,SP
6a0cbc8af2e8abd1bdfb777943d174c6,14312,batatais,SP
1b0b0f4f95e962d6f32fe90c759d0479,2737,sao paulo,SP
8931a84a914b3fe9b1ddaa4d704947ca,8410,sao paulo,SP
3771c85bac139d2344864ede5d9341e3,18087,sorocaba,SP
7ddcbb64b5bc1ef36ca8c151f6ec77df,4403,sao paulo,SP
3481aa57cd91f9f9d3fa1fa12d9a3bf7,13360,capivari,SP
bd0389da23d89b726abf911cccc54596,71691,brasilia,DF
855668e0971d4dfd7bef1b6a4133b41b,13257,itatiba,SP
bac44fa8e13424950488659b5f765c41,4534,sao paulo,SP
863d2ebcd347ce4922de7a0f9a5581d6,21041,rio de janeiro,RJ
1c68394e931a64f90ea236c5ea590300,87114,sarandi,PR
95b293867b5862941c9cd74f756a3c68,8223,sao paulo,SP
e62b2d6ac10570a035a30bafcf01d263,5767,sao paulo,SP
f63d8f293af3a6454377546bd9dd19ff,18110,votorantim,SP
7a425d299613df3e613bcf9d2eaf5c49,22790,rio de janeiro,RJ
6bb0724edf0b62fb91ac404873a97241,6700,cotia,SP
f593898ec748b7a8cb81fc04edafd98a,13920,pedreira,SP
77530e9772f57a62c906e1c21538ab82,80310,curitiba,PR
191d55f7edb8524d525ed01b20fe32e8,73020,brasilia,DF
ff69aa92bb6b1bf9b8b7a51c2ed9cf8b,8140,sao paulo,SP
65b081a070633e057c462abdd6fb9dd8,75650,morrinhos,GO
edf96ef93ed595084bbcbd9224bd2894,1545,sao paulo,SP
6a8b085f816a1f75f92dbac6eb545f8f,14709,bebedouro,SP
f3295428338a40977a03f555246a70f4,29032,vitoria,ES
75fbb52eda0cbc24f479d3b2fbfa8d3e,74560,goiania,GO
e5d4b2b0c3bca22085f7a19a28de0c42,89201,joinville,SC
6187a137b2af59dfdbad8d9f8c373c14,6268,osasco,SP
062ce95fa2ad4dfaedfc79260130565f,95913,lajeado,RS
c200c73f9d7e5a08ca439d6a0803da7c,83507,almirante tamandare,PR
2ee0a0689f2f6a72f35a7cb6033f6e7e,19025,presidente prudente,SP
a08692680c77d30a0b4280da5df01c5a,4719,sao paulo,SP
dd533b429f380718b70ad9922c294bae,14781,barretos,SP
582d4f8675b945722eda7c0cb61ba4c7,11250,bertioga,SP
94144541854e298c2d976cb893b81343,94451,viamao,RS
02d35243ea2e497335cd0f076b45675d,59077,natal,RN
1c129092bf23f28a5930387c980c0dfc,2972,sao paulo,SP
8090490573c6c0aa343a7231ebcb8c86,4130,sao paulo - sp,SP
602044f2c16190c2c6e45eb35c2e21cb,14940,ibitinga,SP
b347677812ea483b0f528eaf8cbc09b7,82540,curitiba,PR
d94ba08b99bedd6a5f6c875ecc4a6fac,86800,apucarana,PR
b499c00f28f4b7069ff6550af8c1348a,13481,limeira,SP
7a2d2949aea47fab95fd98d6c9f618b1,81350,curitiba,PR
f1ed6bd0a9b11b581f16c851c6a5a527,90240,porto alegre,RS
624f4ece8da4aafb77699233d480f8ef,5138,sao paulo,SP
95e03ca3d4146e4011985981aeb959b9,21210,rio de janeiro,RJ
1771297ac436903d1dd6b0e9279aa505,7025,guarulhos,SP
fc5a0d7a310a7a41abf86a458585ff2b,3655,sao paulo,SP
e1bed63d68ac36fe1f3061befe196af5,13848,mogi guacu,SP
73da1880b39c71de2b262bc7720c1494,13560,sao carlos,SP
df560393f3a51e74553ab94004ba5c87,87900,loanda,PR
834f3294fba9f932f56edc879193f925,14808,araraquara,SP
6c177e38df6d3f34182b1f1d427231bf,80430,curitiba,PR
08d0949a9a17c027262db1f3c450c26c,85804,cascavel,PR
e3b4998c7a498169dc7bce44e6bb6277,3635,sao paulo,SP
a37c340b91cb0169e8b029db6440fba2,4424,sao paulo,SP
e628d4a53c109f09ca88098338b3a3f5,30170,belo horizonte,MG
381c83fdca332ea6afd896da20bf6e4a,80010,curitiba,PR
6fd52c528dcb38be2eea044946b811f8,8180,sao paulo,SP
20cb7c2fde3e5bf10f0bbe7394e1c6a9,86385,andira-pr,PR
7e79d65b5c6f1f544b7daea036acf720,9572,sao caetano do sul,SP
ae9690c6e8fee182c28c9ff8e11ca52c,4361,sao paulo,SP
f7720c4fa8e3aba4546301ab80ea1f1b,81350,curitiba,PR
5bba18b40e8c973b0f32e748004775b0,15840,itajobi,SP
4c2b230173bb36f9b240f2b8ac11786e,3933,sao paulo,SP
a23266650e7c84bb93fbbba502137478,90220,porto alegre,RS
ac6417315ae5da8f9a38ee11de6f7780,7400,aruja,SP
81336a0f57a33776419727a300249e90,13560,sao carlos,SP
56db5c0782e8f7ddc9343f9576ff6d16,88132,palhoca,SC
29fe9f200d3fa0c668d2aa1ec7e08dfb,88330,balneario camboriu,SC
4e06067cc08b3f41d837768d392c3ee3,32604,betim,MG
ec933281fb017b5020d06df29c3f77e8,3820,sao paulo,SP
49e7217cfe4e427191c378ec626d8737,35570,formiga,MG
4ddeb3e828550cddc8d45c8bc36ab2d1,1131,sao paulo,SP
3a734b715d333a2588a3d54a0c9b8746,6132,osasco,SP
f5b84683a9bf9e1df748cf40f601b39c,1127,sao paulo,SP
392e0502231ae2f8b29994ef6398cd77,18760,cerqueira cesar,SP
5d0363b33554b373851fc1622e4d5f3c,12952,atibaia,SP
6e85dc5ecd97a61094b89b046a509d8e,15845,marapoama,SP
013900e863eace745d3ec7614cab5b1a,80740,curitiba,PR
c157bdeedcbc9a8e3c8bf0d87ff24428,18120,mairinque,SP
fc908879b9ca1bd65419e54e50432d38,4558,sao paulo,SP
17a053fcb14bd219540cbde0df490be0,13843,mogi guacu,SP
458d868c9642f55f18f04e951a3fdde6,90670,porto alegre,RS
7f2617c58d5d06806987308b45654351,4571,sao paulo,SP
cac63f48c38cd7d002a7e846dcd99a23,13170,sumare,SP
f00e21b1e91a79653163b7fd8f293ff1,37795,andradas,SP
efb628aa07c8ca93d7db0d85b91a4f5a,26230,nova iguacu,RJ
4e922959ae960d389249c378d1c939f5,12327,jacarei,SP
7957cac1a02f45d0a4a7e45626382ec2,80320,curitiba,PR
b8630e1121437d41cb08e3c749c2c2e2,25070,duque de caxias,RJ
2a50b7ee5aebecc6fd0ff9784a4747d6,72580,brasilia,DF
2c3d56f92f360fb89d849b84e8f50eae,6420,barueri,SP
78744a20ee2f80ba64f6804c25def2b8,50751,recife,PE
c990d6cf976a5718aaedc539f383ab88,13145,paulinia,SP
94e93ce877be27a515118dbfd2c2be41,15502,votuporanga,SP
a89e143d5211473ae18db9577ee34b64,13486,limeira,SP
941554c5757b73ba0e50aa7732310afc,4142,sao paulo,SP
8581055ce74af1daba164fdbd55a40de,7112,guarulhos,SP
a9ae440659f48b7849df83e82734150b,9015,santo andre,SP
9485a23c0430ba1d58d359391606fce6,9015,santo andre,SP
8b8cfc8305aa441e4239358c9f6f2485,86020,londrina,PR
d4e4b5192cba4e0e66eb12a9d347239d,85904,toledo,PR
bb5bd94c8f59cc050072d2930c869cac,5008,sao paulo,SP
b05b432bf68945d4d9783f9e3ca29ee8,16200,birigui,SP
2a7dc43cecabf23403078e2188437d1d,4142,sao paulo,SP
578fa3a9cb6b6dceab39231ad59cdaca,60025,fortaleza,CE
a3f0b55de503387383c7b1de3ad7f678,82400,curitiba,PR
6d7f8d9d594e28796b6b3205b00f459c,80050,curitiba,PR
ea566164622c6b439516ab18062c42cd,5303,sao  paulo,SP
2be17df1c49978426251562096c3cc09,88704,tubarao,SC
c6381d2d013342748761e906d45aff76,93180,portao,RS
c500367424994318b9e779ff1ae9a330,13145,paulinia,SP
19e0f40a907ec568c34bfac15de4f4a1,13478,americana,SP
ecccfa2bb93b34a3bf033cc5d1dcdc69,81810,curitiba,PR
c8417879a15366a17c30af34c798c332,4445,sao paulo,SP
e732329483fd5f27367dd997b47f598a,89030,blumenau,SC
989becdce12ebc39863c2bceab6f3ca1,81730,curitiba,PR
9f56a7a649097b166d8ed286ad86a15c,21041,rio de janeiro,RJ
2528513dd95219a6013d4d05176e391a,6060,osasco,SP
921323538c9f1c4e816f2720eac02bea,1319,sao paulo,SP
1464afc72f696af775557a821c2e253f,28630,nova friburgo,RJ
32fdd5d44ecb43dfd6a24b9369eca144,35557,carmo do cajuru,MG
0c7f30ae9b147eca07affbef92832a6a,84020,ponta grossa,PR
e09887ca8c7bf8a4621ce481820414ef,8431,sao paulo,SP
318f287a62ab7ac10b703ac37435a231,4773,sao paulo,SP
acb6c2ca5c82411c1fdb88d5fd5eb95e,3423,sao paulo,SP
5b179e9e8cc7ab6fd113a46ca584da81,5424,sao paulo,SP
ffdd9f82b9a447f6f8d4b91554cc7dd3,80030,curitiba,PR
f3511c85f59f8dec53d140501ee8e7a8,80045,curitiba,PR
cb41bfbcbda0aea354a834ab222f9a59,3520,sao paulo,SP
5ee7fd217d08dfe5d3e2f51f96a12c9a,13880,vargem grande do sul,SP
834f8533b2ecb6598dd004ff3de7203a,5181,sao paulo,SP
8e2b3afb420011ef0c88c9d5f11ea526,13060,campinas,SP
8fff28c4263ddec387f28d237fb42773,5594,sao paulo,SP
cc3d14116804f7209f3884f6367f1152,82940,curitiba,PR
440dd6ab244315c632130ecfb63827b1,15502,votuporanga,SP
66fd84ee7528c0c0de85d0f44a73d5ab,98975,campina das missoes,RS
45d33f715e24d15a6ccf5c17b3a23e3c,18015,sorocaba,SP
1bb3812d5f0747a3ab7348f199001a10,4708,sao paulo,SP
003554e2dce176b5555353e4f3555ac8,74565,goiania,GO
16090f2ca825584b5a147ab24aa30c86,12940,atibaia,SP
5659d77e8d90378e39b960ad5956f64e,12062,taubate,SP
28d162ab86bb49d719c32f0ee6186eaa,14079,ribeirao preto,SP
e06f09ec0a4aca210779cf1cfc63cf19,4773,sao paulo,SP
e82de6494d91d3c4c54450f59b227a94,14940,ibitinga,SP
213b25e6f54661939f11710a6fddb871,13321,salto,SP
78c99c6dff4eeae5be99bf635ed21e3f,17510,marilia,SP
a36ac007a4d18f865c8d32c3b2402c2d,6455,barueri,SP
a2e85714b56b1cb6bb24a9a6e6cad36f,14530,miguelopolis,SP
56642bcb79900e777d68e91915cb4267,3701,sao paulo,SP
41b86b552e54e3a7009596125aa8b167,2470,sao paulo,SP
1d0997ff06b524ce9289ffd75114ecd3,52020,recife,PE
8ea394aed8138685abe1eb9f25e1021d,18053,sorocaba,SP
8a130737016f838139d31878787a39c9,3187,sao paulo,SP
f682e0f848abafc6f41e0d4e868c66ef,7600,mairipora,SP
8a40ae794fa3f9892cee24bd5af0488b,82620,curitiba,PR
0936e1837d0c79253456bbb2ffaaef10,2050,sao paulo,SP
850f4f8af5ea87287ac68de36e29107f,4367,sao paulo,SP
343e716476e3748b069f980efbaa294e,13033,campinas,SP
643214e62b870443ccbe55ab29a4dccf,2134,sao paulo,SP
ce27a3cc3c8cc1ea79d11e561e9bebb6,3006,sao paulo,SP
0241d4d5d36f10f80c644447315af0bd,80330,curitiba,PR
272f092de69afedd4d2969440b37f18f,3265,sao paulo,SP
d1aa1ec0839dcab73a6161130eb1f94a,80220,curitiba,PR
8e8a7ce9f2f970dc00e2acf6f6e199f6,24710,sao goncalo,RJ
119d1aef1b4144adba89163f6cd9f5d4,13920,pedreira,SP
a9b533a26e898b12e8b8d4c07279bf4d,21545,rio de janeiro,RJ
5b51032eddd242adc84c38acab88f23d,37564,borda da mata,MG
8cc6a0e5738e61a87b03c78b2ba9db4b,37795,andradas,MG
c53bcd3be457a342a97e39e5a9f0be22,49980,neopolis,SE
f4db9b37944bcb8873e6b456ee190bbf,8599,itaquaquecetuba,SP
729b2d09b2a0bdab221076327f13d050,17320,mineiros do tiete,SP
e64d65bc8dbec2accda90c58de5d1246,13500,rio claro,SP
67bf6941ba2f1fa1d02c375766bc3e53,82400,curitiba,PR
897060da8b9a21f655304d50fd935913,14092,ribeirao preto,SP
76c47a299e4a8fe992316a85865acbe9,14075,ribeirao preto,SP
d1b9d4be4b6f9ebd85f8acd6745ba612,34006,nova lima,MG
40536e7ca18e1bce252828e5876466cc,7747,caieiras,SP
09f952a5f58d2285b0372551ae8f9b01,9725,sao bernardo do campo,SP
14d7985702e72162bbf13b6beb74ab2b,9131,santo andre,SP
2c4c47cb51acd5ea5db5e0ae0e26542a,15290,buritama,SP
b416191c9813d821a295cfabafff4161,14407,franca,SP
9616352088dcf83a7c06637f4ebf1c80,87504,umuarama,PR
557f22c76691849db52d2abccf0015d0,75650,morrinhos,GO
968ee78631915a63fef426d6733d7422,99700,erechim,RS
1dd33b8119b3cb1056ed5dc88cd0aaf4,4710,sao paulo,SP
ac137bac82ffa8548e62bd9d01d2a14f,3631,sao paulo,SP
51702dc2a3e106c76dbff722b5bf0726,13835,conchal,SP
76d336555bb25f3165d2f0d6da719c40,18015,sorocaba,SP
f08a5b9dd6767129688d001acafc21e5,90230,porto alegre,RS
afa6714acee029b2dfdf357e5579cc03,13690,descalvado,SP
520b493b57809f446cb0a233bb3e25c7,11075,santos,SP
9b1ab052f5fca308ba743ac789ebb2e1,85200,pitanga,PR
bab0a8cd684e41ba6e2637dca0979d3b,22793,rio de janeiro,RJ
b83cedfb587e7911540e3f576d6917ce,4870,sao paulo,SP
0ef83d7d83ed97cd2a0049ac8be5f88a,80230,curitiba,PR
37303482a42fb700d8d127e70a9cd6c8,13070,campinas,SP
b2bdc5e7940a7d7ca8c4a37953b27a42,13880,vargem grande do sul,SP
5c6d4016c2a288f074fa0848a2b653d2,1209,sao paulo,SP
da8622b14eb17ae2831f4ac5b9dab84a,13405,piracicaba,SP
fe26f3ecb51a15e6d8335cd92da42562,4365,sao paulo,SP
5151aea44289d6c6b090ee31c2132508,17515,marilia,SP
9c351405b754cc5ce3e2ecf277bb034a,3134,sao paulo,SP
4b90495391ac0bd181a80a459df1e718,96400,bage,RS
b37c4c02bda3161a7546a4e6d222d5b2,3667,sao paulo,SP
5f1dc28029d2c244352a68107ec2b542,5126,sao paulo,SP
710e3548e02bc1d2831dfc4f1b5b14d4,86600,rolandia,PR
4d8809767a5bafe22909c77951fb6b41,6803,embu das artes,SP
9d4db00d65d7760644ac0c14edb5fd86,18025,sorocaba,SP
1dcfa3835714681d4ba4a93bc1e0fd41,16200,birigui,SP
6da1992f915d77be95d7fa48b36904af,1026,sao paulo,SP
d4f117125b59ce73c3302f88ee40c458,4058,sao paulo,SP
30a2f535bb48308f991d0b9ad4a8c4bb,13457,santa barbara d'oeste,SP
a36b125ac6d5fdbc7f50de85c9157bdc,14020,ribeirao preto,SP
1336efc61c316ddf92c899eb817f7cae,19800,assis,SP
620c87c171fb2a6dd6e8bb4dec959fc6,25645,petropolis,RJ
070d165398b553f3b4b851c216b8a358,3916,sao paulo,SP
9fc70243fb26800cba56e8f014797004,30270,belo horizonte,MG
4c8b8048e33af2bf94f2eb547746a916,14940,ibitinga,SP
88460e8ebdecbfecb5f9601833981930,87030,maringa,PR
7d76b645482be4a332374e8223836592,1511,sao paulo,SP
5f06030071324cc52bf0304014ac7234,17514,marilia,SP
c542f5a8c64d973f30e9df8d06f70b4a,2013,sao paulo,SP
d36b07fd3c5088e477a72d1fccfe29d4,18200,itapetininga,SP
46ef1a25845fc051c2998d878354810c,35530,claudio,MG
cac4c8e7b1ca6252d8f20b2fc1a2e4af,13347,indaiatuba,SP
7a188843479798ca813108fa7b959286,4276,sao paulo,SP
cb32766839f443db85c82a43c4a6c19e,13506,rio claro,SP
0d4c8269e7f0401201794deef160edd6,14076,ribeirao preto,SP
1f867308a0ce13133a4e639ff4de0c02,82510,curitiba,PR
2e90cb1677d35cfe24eef47d441b7c87,2285,sao paulo,SP
adbc26658d6c7b4b6219f9d934598091,81770,curitiba,PR
d05ae8f7a5bd1d2a690a44cd079e4e27,22775,rio de janeiro,RJ
28fb0829fd777877cdc350d25cb5bd5b,15051,sao jose do rio pret,SP
c794dab4928dd97beb41d05514441e86,13160,artur nogueira,SP
1976a05ecf2996d6ffb7b5430e635fe7,19806,assis,SP
8cf21434553b02cbd37c0bbd07e041b0,88102,sao jose,SC
edd066cd02126d7800f9b66e980e9931,70070,brasilia,DF
cf281cf8b7affbdfe751b29cc85580e1,61760,eusebio,CE
1f7fd2a6fcd5a6fa5d8a4dabc72aaae0,95800,venancio aires,RS
c878515173c84a492ebe50d6b493230b,85880,itaipulandia,PR
0eaa7e33d73809f1f925f7d07c506cbd,9111,santo andre,SP
bcf5566870987da7bc811fbc8c5b9fd9,3378,sao paulo,SP
3d01d1c414c44b5943a09619ff3853cb,13040,campinas,SP
2e1c9f22be269ef4643f826c9e650a52,4850,sao paulo,SP
52f6f9f13ba19504c02781132a049e75,80540,curitiba,PR
58e4b302b54937e55a678c4d15111da4,83402,colombo,PR
d1c281d3ae149232351cd8c8cc885f0d,14940,ibitinga,SP
33c51922b6e3c16b24a8f28e5833c99d,86010,londrina,PR
f80edd2c5aaa505cc4b0a3b219abf4b8,3431,sao paulo,SP
0761743cbffb25d7148189e9f1a5f03a,14096,ribeirao preto,SP
0b46f784306be7200ca1700aa55d819f,31210,belo horizonte,MG
7a9c12e235c36247c3c81f50d6ea9cea,9541,sao caetano do sul,SP
3ade81dab5a172b88e1871c28ae05260,15076,sao jose do rio preto,SP
7dc8c42cc750eeafea6c85712ffee9bf,5424,sao paulo,SP
a35ef466c6fd6d052f5d241240d3c5e2,93347,novo hamburgo,RS
f1c1ac3f3efc07e659c035008e615e66,2119,sao paulo,SP
df0f42bc4c2142eacf0eaf2cffd0cfbb,88306,itajai,SC
8d92f3ea807b89465643c219455e7369,3052,sao paulo,SP
7e26c750b4cb9f6766f58265ff9ebe95,30270,belo horizonte,MG
5a8e7d5003a1f221f9e1d6e411de7c23,13076,campinas,SP
6d1b9c9579132c87d2703ec38c30f2c5,82515,curitiba,PR
20f0aeea30bc3b8c4420be8ced4226c0,13456,santa barbara d'oeste,SP
575df70bde3f9f2b30bf8d2e9910d725,15075,sao jose do rio preto,SP
5d3bb11474a06bdc23fb9e89f1164ee0,19804,assis,SP
c35affa65afd250151285c5917fc1c8a,8050,sao paluo,SP
e59e489e2ea74bd409b798b5daf49de3,87060,maringa,PR
7d948535954aaf8c5d39db007f74372e,11442,guaruja,SP
1352e06ae67b410cdae0b2a22361167b,26051,rio de janeiro,RJ
3bb548e3cb7f70f28e3f11ee9dce0e59,87040,maringa,PR
522620dcb18a6b31cd7bdf73665113a9,85801,cascavel,PR
d32e3909cfb714fb2a6cb092c85b9c5f,13215,jundiai,SP
ce7d1888639e6fb06b2749cbfdac1ff7,37443,baependi,MG
2cb4700db635baa1c0d4f90ed27b6669,81070,curitiba,PR
a4b6b9b992b46e9ef863637af96e04bc,88090,florianopolis,SC
820c7c9eaf76d2b226b6c242bcf3f34d,4756,sao paulo,SP
85d9eb9ddc5d00ca9336a2219c97bb13,31255,belo horizonte,MG
a673821011d0cec28146ea42f5ab767f,3809,sao paulo,SP
c8b3445d737de6befde0c88ede534a5e,5734,sao paulo,SP
eb5b6204dde3a6e03b5f1bb8479f055b,6900,embu guacu,SP
2e1a7d075abe038c1b2743005fe42ff1,3461,sao paulo,SP
973f21788dfab357250f69a8dcb7ddee,35530,claudio,MG
79ee721b6f766066a80264402548d359,17011,bauru,SP
11bfa66332777660bd0640ee84d47006,14085,ribeirao preto,SP
5160d23075764e18e07c1f4a87fad743,9720,sao bernardo do campo,SP
3a1a1fec38dd360f15fc912e821e169d,2451,sao paulo,SP
dd39ad39b5d3df33037e141c72497ba6,4282,sao paulo,SP
695051e2981c8b19e77cafe450d5bdf3,6276,osasco,SP
dd55f1bb788714a40e7954c3be6df745,1021,sao paulo,SP
9d7a1d34a5052409006425275ba1c2b4,14403,franca,SP
8c351ed7c326c62123318f4f3246e906,11701,praia grande,SP
dc4a0fc896dc34b0d5bfec8438291c80,14940,ibitinga,SP
7c4402417d51474d4d0cda9557340e40,9530,sao caetano do sul,SP
9b522ba7eae9e1d04082f267144583cc,4843,sao paulo,SP
e26901d5ab434ce92fd9b5c256820a4e,9350,maua,SP
9d5604a1f112324ad6b2aa552122e0fb,88075,florianopolis,SP
a6fe7de3d16f6149ffe280349a8535a0,14401,franca,SP
aac29b1b99776be73c3049939652091d,38408,uberlandia,MG
54a1852d1b8f10312c55e906355666ee,13456,santa barbara d'oeste,SP
c826c40d7b19f62a09e2d7c5e7295ee2,7133,guarulhos,SP
a425f92c199eb576938df686728acd20,81050,curitiba,PR
3c3017960b2dbd72711a61f0400aab8f,89251,jaragua do sul,SC
ab9db4cf53b08b828b64dccaafc2d9f0,96530,paraiso do sul,RS
113e3a788b935f48aad63e1c41dac1bd,12570,aparecida,SP
94c49f20a123aeb9360dbf80ff912bf6,18015,sorocaba,SP
d12c926d74ceff0a90a21184466ce161,2634,sao paulo,SP
71dc18fd8cbf5fd77f45dd8b427abb34,82520,curitiba,PR
f235413f677777a0738ff215d0184901,17250,bariri,SP
eba88037e1dca898cd02881f67ced679,3647,sao paulo,SP
01ed254b9ff8407dfb9d99ba1e17d923,8710,mogi das cruzes,SP
f7ccf836d21b2fb1de37564105216cc1,14940,ibitinga,SP
7e3f87d16fb353f408d467e74fbd8014,4809,sao paulo,SP
a2b911e9ad40dc7d61c142a4683e2d85,27353,barra mansa,RJ
bb135baca94c82fcb731335ad5b04a03,4362,sao paulo,SP
a353b1083c9863d756d9404695016d64,29150,cariacica,ES
b56828a9f9027f3c918c04ca720d9e3c,11707,praia grande,SP
6e0908ef4d4efadbc3cc2b74ea477cb0,20910,rio de janeiro,RJ
c8143b3069f6746a77421b5ce30a450c,75345,abadia de goias,GO
f5f46307a4d15880ca14fab4ad9dfc9b,89165,rio do sul,SC
4830e40640734fc1c52cd21127c341d4,3573,sao paulo,SP
dbb9b48c841a0e39e21f98e1a6b2ec3e,3929,sao paulo,SP
c6a7539d424a8402232c2228d7a03c5e,3191,sao paulo,SP
e83c76265fc54bf41eac728805e4da77,16074,aracatuba,SP
ad738d3fcf42655ed15c4960b7b6c601,93425,novo hamburgo,RS
0ed6ce5d87fd9c69eaacaeb778d67235,13473,americana,SP
4391ea5c5990502176a1dcda44a2373d,91910,porto alegre,RS
38e6dada03429a47197d5d584d793b41,4763,sao paulo,SP
e83e93b71371817b11d78a63ff156aee,6409,barueri,SP
578460d8319c51dab351cd9db95eadfe,74550,goiania,GO
328acb143b4a73aad6bee8e734f5d20d,85865,foz do iguacu,PR
5f7300535881cef3b625fd683cf7d145,92020,canoas,RS
0cbcee27c791afa0cdcb08587a2013a8,37410,tres coracoes,MG
d8dd176509baa37f359644d082bf7f7b,9570,sao caetano do sul,SP
43a5d4a57af536fddc96d08be3afdfcb,37006,varginha,MG
080199a181c46c657dc5aa235411be3b,6097,osasco,SP
cca3071e3e9bb7d12640c9fbe2301306,14940,ibitinga,SP
d51e0a403fe2e689ece6c73359d96e12,17580,pompeia,SP
b080809eaacb49e5ca07290981472431,30431,belo horizonte,MG
8648b1e89e9b349e32d3741b30ec737e,12308,jacarei,SP
d50d79cb34e38265a8649c383dcffd48,8290,sao paulo,SP
f214d28e8d8e3ef068748498ccc2f813,3872,sao paulo,SP
ebd2d60905fb58271facef5596b620d3,18683,lencois paulista,SP
efcd8d2104f1a05d028af7bad20d974b,16012,aracatuba,SP
6562efe88ce0826a4ca4f189f03b4b84,87005,maringa,PR
400f221ab83037c0ea78f1267da9624d,17700,osvaldo cruz,SP
530ec6109d11eaaf87999465c6afee01,85807,cascavel,PR
a5259c149128e82c9d6d46e0c1c812bb,76900,ji parana,RO
8b11118053756a9a2932f447e11fc1b5,17350,igaracu do tiete,SP
052577151711aec5c744fe12e66db3e1,89136,rodeio,SC
0adac9fbd9a2b63cccaac4f8756c1ca8,13290,louveira,SP
443d880f15cbd3572885e1d44bf2c478,17506,marilia,SP
6d22a1fcebb6dd08c9cd90b92a93e8d0,89215,joinville,SC
04aba03279157f6d4e0fe8ccaf21963c,28470,santo antonio de padua,RJ
b39d7fe263ef469605dbb32608aee0af,14940,ibitinga,SP
7b0df942f46435babab05d49b744b2c4,12924,braganca paulista,SP
f26d70155c2b6326fcfa1780c8c684e4,89150,presidente getulio,SC
42fb44130ac3134cde8e35cf8ec7df25,12995,pinhalzinho,SP
dd9661d3cda1e6feb237f0c4d8b26f2e,89620,campos novos,SC
f27e33c6d29b5138fa9967bcd445b6d5,4273,sao paulo,SP
55d3daac7c404d59e51c2aa2f4dc5a23,2150,sao paulo,SP
659e8466eb3ff1b0e8740d74fb7bbedd,45820,eunapolis,BA
184a67a8f9f63234d3a92340bbdb727f,89220,joinville,SC
9fe7c6641c79970ab48185498f547c09,3147,sao paulo,SP
6fc26fe110feebd80a433e1f012a84f9,15601,fernandopolis,SP
2f4b9d112bfa44a214bc6cef085d17c8,29600,afonso claudio,ES
ab27bbbad5239bc31a34709275a70db4,18279,tatui,SP
c37b2059d4f90d4feead554e5246565e,5170,sao paulo,SP
98dac6635aee4995d501a3972e047414,2030,sao paulo,SP
3d39fbf22a665714baf62fae36029e23,13040,campinas,SP
a49928bcdf77c55c6d6e05e09a9b4ca5,3017,sao paulo,SP
b12cfd255810394b60caef18ae163547,85810,cascavel,PR
51ed72984a04e5dd35c2b27e77179038,15050,sao jose do rio preto,SP
0d85bbda9889ce1f7e63778d24f346eb,38414,uberlandia,MG
d624126b9206f595fb3fbb6ba03b28a8,80045,curitiba,PR
26d8a1c7c75d513045798992ead43aa2,86800,apucarana,PR
e6a69c4a27dfdd98ffe5aa757ad744bc,4424,sao paulo,SP
6bd69102ab48df500790a8cecfc285c2,4293,sao paulo,SP
f181738b150df1f37cb0bd72e705b193,6317,carapicuiba,SP
4305fe92735c8a43d154ff6dd2b8d927,35170,coronel fabriciano,MG
bd4889b5e9133b35b66e42a8665cea5c,2963,sao paulo,SP
0b3f27369a4d8df98f7eb91077e438ac,7412,aruja,SP
d5c530f4884a75ae0dba9c148718d278,35660,centro,MG
5ab05b6d86d417796c69ffd6774ec832,19815,assis,SP
d4d99b60c4c94cd35acd502cec65dc8d,4904,sao paulo,SP
9de4643a8dbde634fe55621059d92273,89225,joinville,SC
3be634553519fb6536a03e1358e9fdc7,8275,sao paulo,SP
04308b1ee57b6625f47df1d56f00eedf,88215,bombinhas,SC
f3055483058c84d75ca2a3314fb4deef,40368,salvador,BA
0ac4201fda2c68ebc0e47cb9423cf3c9,3345,sao paulo,SP
23d7c96d4a1160db1c726b248601b25a,13360,capivari,SP
86bb7c4b535e49a541baf3266b1c95b1,14401,franca,SP
c0563dd588b775f2e37747ef6ad6c92c,9220,santo andre,SP
820cc752a266cdc6c1a1e61dd4583330,87050,maringa,PR
e5475dcab1e07b63d7f6e902d8f5eda8,9921,diadema,SP
91f848e9f4be368f4318775aac733370,3029,sao paulo,SP
7a67c85e85bb2ce8582c35f2203ad736,3426,sao paulo,SP
b372ee768ed69e46ca8cdbd267aa7a38,15013,sao jose do rio preto,SP
d20b021d3efdf267a402c402a48ea64b,14940,ibitinga,SP
cf6f6bc4df3999b9c6440f124fb2f687,4937,sao paulo,SP
d63c73efd41eb002280e7ec831424edb,13405,piracicaba,SP
0ea22c1cfbdc755f86b9b54b39c16043,35700,sete lagoas,MG
be8e909810184b9b19e886129149d8e5,13418,piracicaba,SP
bbaff50f3b708fda865918715276cd87,12940,atibaia,SP
232a6014e7b10cba61c6c2b2ea6bb4b0,16500,cafelandia,SP
6614814a00d344b846ae209f95ee7e3f,17290,macatuba,SP
59cd88080b93f3c18508673122d26169,11707,praia grande,SP
fffd5413c0700ac820c7069d66d98c89,13908,amparo,SP
712e6ed8aa4aa1fa65dab41fed5737e4,89560,videira,SC
b5abf4f36adc043117b4fca82c22984c,72251,brasilia,DF
6dd7dce75cd55c1ce255dc38d9f0cd46,88137,palhoca,SC
0b35c634521043bf4b47e21547b99ab5,84530,teixeira soares,PR
c35672b10ad50968f567ea3f4b91e877,26551,mesquita,RJ
f5403d3f50089112c4eed37928b7f622,15600,fernandopolis,SP
f435898e493ba0356019a0b1cb8b55b1,81720,curitiba,PR
5d043cd5512d4bd2f88e5ccdd5736c38,2710,sao paulo,SP
7a073a40a9d3f1fee8bc45670ea1e909,86040,londrina,PR
edb1ef5e36e0c8cd84eb3c9b003e486d,25957,teresopolis,RJ
3361277dc30b7cccdb0c286b24219756,87015,maringa,PR
3c7c4a49ec3c6550809089c6a2ca9370,3804,sao paulo,SP
53b0300ca793f9834cd69c0678d35ee8,13339,indaiatuba,SP
822bad9bc42b51213ba522fe87b7ab5d,88330,balneario camboriu,SC
48162d548f5b1b11b9d29d1e01f75a61,13403,piracicaba,SP
3fd1e727ba94cfe122d165e176ce7967,14802,araraquara,SP
45a3d05fb00435e52a28859dd03703b3,7176,guarulhos,SP
c3fe93ba3085f92855c97e57f38c8c05,81510,curitiba,PR
9646c3513289980f17226a2fc4720dbd,12215,sao jose dos campos,SP
36a968b544695394e4e9d7572688598f,11010,santos,SP
4b5f66b7adcf57f1ecc0d3c07dd6b177,87025,vendas@creditparts.com.br,PR
ec21206b7894c503788a684a7bc822a6,28950,armacao dos buzios,RJ
b1aaae6b66ad3c40f54b389d7ea4bee0,4714,sao paulo,SP
af4a0e4cfe1d9c26b6712b1be25a72e5,35670,mateus leme,MG
6f1a1263039c76e68f40a8e536b1da6a,3581,sao paulop,SP
5721089ba9214e80074f27d5a03fc0eb,1408,sao paulo,SP
1782ce2db72c3dda627d5e7c898104e1,6766,taboao da serra,SP
8160255418d5aaa7dbdc9f4c64ebda44,14940,ibitinga,SP
cee48807215b30a12ca2ca10ffb5f250,11431,guaruja,SP
8e670472e453ba34a379331513d6aab1,36087,juiz de fora,MG
633ecdf879b94b5337cca303328e4a25,4438,sao paulo,SP
05a940b4ecae36cadfd8e93bd9c43257,74305,goiania,GO
4c03b9dd4c11ee2cb35c96c49efc9420,13232,campo limpo paulista,SP
ffff564a4f9085cd26170f4732393726,13070,campinas,SP
bede56095ba33c42038fb85f707b8a42,13271,valinhos,SP
bbad7e518d7af88a0897397ffdca1979,1512,sao paulo,SP
1b1ae47a313a825a7ccceb8e2e30fa9d,83450,bocaiuva do sul,PR
939f6e231201f26803cb5c3a3d2940b3,17051,bauru,SP
282f23a9769b2690c5dda22e316f9941,31573,belo horizonte,MG
d03698c2efd04a549382afa6623e27fb,45658,ilheus,BA
e21a1e8be4715b0fcfd5385643bc49c4,88715,jaguaruna,SC
8f119a0aee85c0c8fc534629734e94fd,6440,barueri,SP
fdaaf5bfda82b7b80535610c831b8d09,15015,sao jose do rio preto,SP
1fddcb7b326905d3ad5efe82187db347,2279,sao paulo,SP
b1fc4f64df5a0e8b6913ab38803c57a9,24440,sao goncalo,RJ
0ebd97a106433a45a4aebe57c1799778,32240,contagem,MG
63bc58679c44e8a998792119fd7ad23e,5595,sao paulo,SP
101921376b577a4540dc30e9009133ca,13505,rio claro,SP
6219ba2359cfb97f2e38fd4c321eb309,2110,sao paulo,SP
a7f13822ceb966b076af67121f87b063,8577,itaquaquecetuba,SP
4e8dacf3d38f281ae26c3e0321d92d88,8420,sao paulo,SP
78a4d36f65a019172c6154468831a69f,17018,bauru,SP
c64a2aec32cc408a8a4c6d7c46017f91,95625,imbe,RS
cb162c8eef257253782d245c08d9097c,6419,barueri,SP
fc6295add6f51a0936407ead70c1001d,4101,sao paulo,SP
f0e103c63864d5405b958d984b6e94c9,6150,osasco,SP
80e6699fe29150b372a0c8a1ebf7dcc8,83323,pinhais,PR
9853a239ab7b7ebbdc3a21248d5b8e1f,83602,campo largo,PR
f8e2c1b59cd4225a3e4fd0d013a76b93,14021,ribeirao preto,SP
9c3c24eca51c52b91c1de727d2a2ae06,95020,caxias do sul,RS
aae5953b9edddf14749c0d65d60eb4b9,31035,belo horizonte,MG
c003204e1ab016dfa150abc119207b24,7790,cajamar,SP
5656537e588803a555b8eb41f07a944b,72015,brasilia,DF
503c1de08ae81a2d86f17951b204db55,3725,sao paulo,SP
b8bc237ba3788b23da09c0f1f3a3288c,88303,itajai,SC
404e1ba01358af4cd63f679b2c4d1fa1,36032,juiz de fora,MG
de23c3b98a88888289c6f5cc1209054a,5530,sao paulo,SP
fe49ee029e61e789a1f3a5525f57ba8d,6018,osasco,SP
94ca168e8bcb407ab85c5da308863027,16250,clementina,SP
77128dec4bec4878c37ab7d6169d6f26,2610,sao paulo,SP
4bf658053d453036c70976bccb2c31b2,15070,sao jose do rio preto,SP
48bad451945f5227341793478d6353ea,1220,sao paulo,SP
2a61c271b1ac763450d846849783e922,9175,santo andre,SP
5dceca129747e92ff8ef7a997dc4f8ca,13450,santa barbara d´oeste,SP
0e44d110fa6a54e121cb2c095a77762f,7901,francisco morato,SP
3d871de0142ce09b7081e2b9d1733cb1,13232,campo limpo paulista,SP
86ccac0b835037332a596a33b6949ee1,89041,blumenau,SC
3340ef1913fb70d28420f6ceb685c339,87040,maringa,PR
76de363de16dacc923eec8daf91df504,89825,xaxim,SC
fc99f99385ae90f66f01733856fb88c9,18550,boituva,SP
1bb2bdb95f4841f1bba2c0d2cd83d3c9,1257,sao paulo,SP
670c26e0f1bf8d0576271d5cfaec6d2b,87025,maringa,PR
59de1d4c8c057c2a53acd4ca66531af2,80215,curitiba,PR
15ac3c501e2599e4917316fde5c5669a,4911,sao paulo,SP
f4aba7c0bca51484c30ab7bdc34bcdd1,1031,sao paulo,SP
e0878efa0e0b7e5313ac0b43bc04c081,80230,curitiba,PR
327b89b872c14d1c0be7235ef4871685,69005,manaus,AM
e9d99831abad74458942f21e16f33f92,3542,sao paulo,SP
a45765f8afb1e594b22bf9e974b46765,2411,sao paulo,SP
dc8798cbf453b7e0f98745e396cc5616,5455,sao paulo,SP
3f2af2670e104d1bcb54022274daeac5,87240,terra boa,PR
bb3dca718920a4d7ec3cc9ffb025108b,8011,sao paulo,SP
eed78ac17f7f795a19a709745f00cd4e,18608,botucatu,SP
a2e874074c877c5a05abae80ad6e488f,15070,sao jose do rio preto,SP
abcd2cb37d46c2c8fb1bf071c859fc5b,78020,cuiaba,MT
365e445f796710c3431557e85caa25db,4083,sao paulo,SP
0bb738e4d789e63e2267697c42d35a2d,18130,sao roque,SP
3d290fe363c60a77498c1126fd3fb8d3,6694,itapevi,SP
325f3178fb58e2a9778334621eecdbf9,6790,taboao da serra,SP
8c16d1f32a54d92897cc437244442e1b,89023,blumenau,SC
f5a590cf36251cf1162ea35bef76fe84,9720,sao bernardo do campo,SP
61f159ef6da2d441951d2c0efa719362,29160,serra,ES
1e8b33f18b4f7598d87f5cbee2282cc2,2066,sao paulo,SP
1da3aeb70d7989d1e6d9b0e887f97c23,4265,sao paulo,SP
5b67882648febfb6e1225e6ad7164f6b,87502,umuarama,PR
53e4c6e0f4312d4d2107a8c9cddf45cd,13920,pedreira,SP
d65f31d2413268e671989503f6cf9993,13160,artur nogueira,SP
527801b552d0077ffd170872eb49683b,17400,garca,SP
7202e2ba20579a9bd1acb29e61fe71f6,14401,franca,SP
0509040ea3fe50071181bbc359eb7738,31710,belo horizonte,MG
5c853bb56f70f4d14218944bae111d7a,6715,cotia,SP
bba74270a87732727b5a3b4fd9ac1c39,32604,betim,MG
835f0f7810c76831d6c7d24c7a646d4d,8030,sao paulo,SP
702835e4b785b67a084280efca355756,36046,juiz de fora,MG
4ea2f12dbe91deeacd2c1e74f069a6e6,2334,sao paulo,SP
a066df7361163e7ddc5d7452dd17448b,14401,franca,SP
5e106d93b717c2682b9383da480364a1,85875,santa terezinha de itaipu,PR
bd4ff04377f974574f7f0bf9d6ce7dde,17370,santa maria da serra,SP
4d6fb82c629c7a5028bfd973c07b05e0,31525,belo horizonte,MG
5d505d2298ad549e4e4e835562fa0c1e,16200,birigui,SP
5aaa890629f83706d8d9bfecd8377c1c,25720,petropolis,RJ
ad14615bdd492b01b0d97922e87cb87f,88704,tubarao,SC
238fac594e170b59c6d228f5a4f4f1d9,17300,dois corregos,SP
134a288e7de827ec5ec62e3ec9c3a295,3168,sao paulo,SP
f1ce5fdecd64935c28b9ff932751d0dc,6539,santana de parnaiba,SP
83645b1645cdee8953ee54c29ceed564,85875,santa terezinha de itaipu,PR
5cf13accae3222c70a9cac40818ae839,38700,patos de minas,MG
a247197e2e9c19a6a53a6888cb8b660f,15056,sao jose do rio preto,SP
96804ea39d96eb908e7c3afdb671bb9e,38950,ibia,MG
5563732abe64c3036cb97ad924128dd1,7192,guarulhos,SP
57c764b4a836300be881e2ff86e449f9,14021,ribeirao preto,SP
e627629ba868740e287800f1a9be81c2,1421,sao paulo,SP
8d79c8a04e42d722a75097ce5cbcf2ef,61658,caucaia,CE
8ae520247981aa06bc94abddf5f46d34,88370,navegantes,SC
ac3508719a1d8f5b7614b798f70af136,92030,canoas,RS
15cd6eefe58588619aaed41dfa6621b1,35400,ouro preto,MG
4a3ca9315b744ce9f8e9374361493884,14940,ibitinga,SP
478bfe564db21eeb44386606aa30b650,33600,pedro leopoldo,MG
6d988d6174a2c27441597174f8905515,87070,maringa,PR
ed49da7cadefc454d6a67de249eab240,5571,sao paulo,SP
6f892e20a171e98efe17fdb971ff319b,8270,sao paulo,SP
acadd4d36859671cb635527c6c977533,14270,santa rosa de viterbo,SP
a1ed30492b3b798bc121845bc4aa7366,4708,sao paulo,SP
901b460cdce0c64e471230d7f2f9f3a3,90620,porto alegre,RS
81ed90f07c0bacb7594940ba2ef676aa,35500,divinopolis,MG
11eac105f3f90a9b87b19c89d91e24f3,7411,sao paulo,SP
0725b8c0f3f906e58f70cbe76b7c748c,7023,guarulhos,SP
d1a5cc844736958c11b8efab9a2b4c87,80310,curitiba,PR
f35becee938e982bd615edf8ef12bcfb,19160,alvares machado,SP
634964b17796e64304cadf1ad3050fb7,21840,rio de janeiro,RJ
6624bc09786f0e41ae48dfc5eeb1a9e2,30390,belo horizonte,MG
54219883e72aad869adfb2a54b7bfa0f,18060,sorocaba,SP
6e2d3e2dc84fb30f6078f39dd3bddd6f,83408,colombo,PR
3078096983cf766a32a06257648502d1,13720,scao jose do rio pardo,SP
014d9a685fd57276679edd00e07089e5,87015,maringa,PR
656591be56071d4c9ef4e5fee78a578a,9180,santo andre,SP
bccf933e006e9b94a6184af782963e77,19806,assis,SP
12c2ed9cded6138cf0c75f525f565fc7,11709,praia grande,SP
961dff0a659b4561334372337dd897d9,21510,rio de janeiro,RJ
b33e7c55446eabf8fe1a42d037ac7d6d,14850,pradopolis,SP
2235cf78d3e2073a88146a9cb60f0dd0,4547,sao paulo,SP
218d46b86c1881d022bce9c68a7d4b15,14070,ribeirao preto,SP
813348c996469b40f2e028d5429d3495,13206,jundiai,SP
2745f798279e0ed033addcc1474776d7,3106,sao paulo,SP
bafc5aa11e413978be29040f51342e70,30130,belo horizonte,MG
b7cc6c5e001441ae8cdd5c69a480cbe4,89520,curitibanos,SC
b3e2faf2c1004d674f16a3aa3197f0e1,14093,ribeirao preto,SP
670a9dda115b5a88b18cfadee8de2332,14096,ribeirao preto,SP
3b15288545f8928d3e65a8f949a28291,14940,ibitinga,SP
cce6ab8d1682639fe45ab70234f1665f,81020,curitiba,SP
76623fde66e6b63b59440fd34160512d,7124,guarulhos,SP
eb4df17aed01d918c65f0f8d650900c0,13140,paulinia,SP
10089e9f2fd0c668a8fd4e52e1698888,15061,sao jose do rio preto,SP
2f09f7d37a97956d11cc1a7cadd5262b,14090,ribeirao preto,SP
f41ce2e25237f9092cd8e6e7516c7a2f,7013,guarulhos,SP
8e6cc767478edae941d9bd9eb778d77a,38442,araguari,MG
028872bfa080090a9d0abd4f1af168f8,33940,ribeirao das neves,MG
52d76513f0c4d97f3b99570e2c94ee31,93348,novo hamburgo,RS
f5b44895715ddfe3087dc414f30268f3,18017,sorocaba,SP
c8467937e403e76a8ee9f0ab13f6f5ef,37704,pocos de caldas,MG
56f413900b5166ab4d730e9ac0b12cb0,18076,sorocaba,SP
3f8034bfc6b8b4135534975d49f04c63,81560,curitiba,PR
4992e76a42cb3aad7a7047e0d3d7e729,3334,sao paulo,SP
0afccdb8a34ee5c79f7c06faf2b4d56e,38400,uberlandia,MG
02dcd3e8e25bee036e32512bcf175493,32310,contagem,MG
c9e5ad1f6647f5dbd1172adf6ae3cada,90240,porto alegre,RS
02a2272692e13558373c66db98f05e2e,20040,rio de janeiro,RJ
0b18d63d0cd1d723567903fd34a07df2,5141,sp,SP
3ef37b7ca6dd2b80bd8af81a62504996,1452,sao paulo,SP
86649b1632b1c0e6c0bcb2c90a8b75d8,85884,medianeira,PR
deaadd805612bf94faaa9fa702516e11,5756,sao paulo,SP
c0e6839516f5398edc34adf5f1d53d1a,11430,guaruja,SP
119c7f1a00ef43fad0e57604e76a747c,2614,sao paulo,SP
2953ce3a88f5e3c3b696d77fc9e4c8eb,4270,sao paulo,SP
bbf9ad41dca6603e614efcdad7aab8c4,60348,fortaleza,CE
d7b2377bae6ace1b11fc69a11900ac36,2415,sao paulo,SP
57fe6232e67823593374a2281d7a8af8,13360,capivari,SP
4da0e408c99d2fdc2126dc9fce518060,86300,cornelio procopio,PR
8b28d096634035667e8263d57ba3368c,12243,sao jose dos campos,SP
9bc484c87d79cd4874e05ca182658045,2422,sao paulo,SP
c6218512d16fcac0af02fe92691cf274,32315,contagem,MG
4371b634e0efc0e22b09b52907d9d469,2028,sao paulo,SP
bd23da7354813347129d751591d1a6e2,3971,sao paulo,SP
412a4720f3e9431b4afa1476a1acddbe,13060,campinas,SP
26785a546900236d66f2e4197c211158,8430,sao paulo,SP
b7ed9fb14c8eadb37adb9c45d67ab0fb,12331,jacarei,SP
35857757f553273b1056c1cabdace7fb,14020,ribeirao preto,SP
538caafddff204241cecbf3a02e6b3cf,4516,sao paulo,SP
b2eecf5ea250510da76590ca79d60e5d,3318,sao paulo,SP
8f2ce03f928b567e3d56181ae20ae952,5141,pirituba,SP
d4e12e7884759a14fa0f5f896c791cae,2242,sao paulo,SP
e24fc9fcd865784fb25705606fe3dfe7,12913,braganca paulista,SP
5882f40daf39bc2a465e0cb453ddc222,5616,sao paulo,SP
53336f97ddbe53e2a617d07b17447b95,3461,sao paulo,SP
900ba814c251a692506d7834c1218441,13328,salto,SP
afe0067131b73e40875c9b6c10bd2e21,35590,lagoa da prata,MG
542917da124346b47ea1ac79a93ce454,82560,curitiba,PR
2009a095de2a2a41626f6c6d7722678d,15025,sao jose do rio preto,SP
3a52d63a8f9daf5a28f3626d7eb9bd28,71900,aguas claras df,SP
e9b6c33b71b67737693b4cfa68341c8d,3009,sao paulo,SP
c458e2045a8aa8964f8879af03fdcce6,9572,sao caetano do sul,SP
6601ee6383e7f452be71929f8de48bbb,14027,ribeirao pretp,SP
8a32e327fe2c1b3511609d81aaf9f042,2443,sao paulo,SP
0f519b0d2e5eb2227c93dd25038bfc01,14940,ibitinga,SP
70c4eedec9cb4a85cda2f3f9673557b4,1208,sao paulo,SP
4fb41dff7c50136976d1a5cf004a42e2,44002,feira de santana,BA
d23019c84ffae2d5ef2270367b8605fc,86073,londrina,PR
0f94588695d71662beec8d883ffacf09,88037,florianopolis,SC
3a79f35a2344ede41af21267f61d5ec6,13040,campinas,SP
0d83f8e03188682112cc0d93523705cc,91150,porto alegre,RS
c3251e13f1bbda6c74e37c160f991e19,13660,porto ferreira,SP
a44fb5a447105f8469bdf16bf9159f25,91920,porto alegre,RS
4869f7a5dfa277a7dca6462dcf3b52b2,14840,guariba,SP
1c5e4e49b9079480255b49d50aac1aa9,11030,santos,SP
37515688008a7a40ac93e3b2e4ab203f,17900,dracena,SP
1746c1ae87ac63d530c7c943d0ac42e2,6501,santana de parnaiba,SP
3be5841cdcc46de4ed3f9116f104b2c5,6473,barueri,SP
0249d282d911d23cb8b869ab49c99f53,5676,sao paulo,SP
23ca5f678e0b3ea6c630b30fa8bf51ea,2839,sao paulo,SP
5eeb9c756d9780b96283e5a2ac6da334,14010,ribeirao preto,SP
818d28f936e791926d33bcb6ee94ef79,4141,sao paulo,SP
bfd938b22bc99bce1ae60dc602889f52,22775,rio de janeiro,RJ
97e995629983723d11830a829bc2b246,12604,lorena,SP
080102cd0a76b09e0dcf55fcacc60e05,31140,belo horizonte,MG
94b9108d4b637ba65bb4f1e53cfcf8d8,7221,guarulhos,SP
b2ac621f0d0322434d04a12b078b9369,80220,curitiba,PR
17306570e772e7718c92a562d33f5f1d,17250,bariri,SP
244c2f1bff6afe1f2eaf9bfe9b2aed38,8832,mogi das cruzes,SP
71039d19d4303bf9054d69e9a9236699,3018,sao paulo,SP
54065e9aef7e9e9c2dc23b7594db021a,20040,rio de janeiro,RJ
25e47381a6c510ddeb36084e33b89f0c,11720,praia grande,SP
4d6d651bd7684af3fffabd5f08d12e5a,17209,jau,SP
f0563bacf40c311f1c4d3d6b67b8a7a7,88704,tubarao,SC
b76dba6c951ab00dc4edf0a1aa88037e,3237,sao paulo,SP
1bc2e21de46adfea6b98cc96b00f3b40,89228,joinville,SC
b1204cfda1d4948679db3cfc0d3cb95c,7170,guarulhos,SP
b4ffb71f0cb1b1c3d63fad021ecf93e1,3880,sao paulo,SP
8eb88b0acb3f90a717ad659221471fa7,89504,cacador,SC
c26ba52cf8d2f34915f2f6b7ffa0a3f3,21510,rio de janeiro,RJ
974cf2cb8f4b7add98709c30df02fe10,14802,araraquara,SP
3c487ae8f8d7542beff5788e2e0aea83,72460,gama,DF
4a3ccda38b2129705f3fb522db62ca31,17504,marilia,SP
876182d1918783bbe15233febfbd4926,4208,sao paulo,SP
33576ec5412fb5905d876f12f33bfde6,80040,curitiba,PR
5566627eab3fe93fd6ee08798226101a,83005,sao jose dos pinhais,PR
056b4ada5bbc2c50cc7842547dda6b51,26379,queimados,RJ
1e483cc5c76fef08d3ca05f9a8af7d01,2929,sao paulo,SP
9b1050e85becf3ae99c1cf4934c9bc5d,39400,montes claros,MG
34056b8b55c1775a22af2331670a799c,16304,penapolis,SP
bd1d49a326abfa9b1036772e40445430,17017,bauru,SP
6861de0f40cacb0602e473c51639f980,80420,curitiba,PR
c9c7905cffc4ef9ff9f113554423e671,6871,itapecerica da serra,SP
aa17b35ce4de7b565be3249ba838944f,13214,jundiai,SP
0887a9f087bcd5d9f6642b52f897fc6c,11990,cananeia,SP
abc015ebac1d283a323ca9db35ede4b9,14055,ribeirao preto,SP
75d34ebb1bd0bd7dde40dd507b8169c3,41820,salvador,BA
e5e33c0d8e7e002f398f5dc4cbbb338f,17032,bauru,SP
8f54d64f28a993550aa7943f12572959,35160,ipatinga,MG
91f5779a8731baca4809fdeade81803f,27321,barra mansa,RJ
13074f016982ff2bd6c58ced8682f000,95705,bento goncalves,RS
534a01cc6df1e034e05c32028a291fa2,13214,jundiai,SP
57e632711dec9ec14ca7546769483e7e,88372,navegantes,SC
cb3dd9ce66268c7a3ca7241ac70ab58c,3028,sao paulo,SP
1f1bb1f0859883505541bdd6606193e5,2124,sao paulo,SP
4200ddf1967c5e41e48db62bc6d4b5ac,9710,sao bernardo do campo,SP
ed9eef5be0992d413d251fadba1a410d,13845,mogi guacu,SP
139157dd4daa45c25b0807ffff348363,3064,sao paulo,SP
64b87978a11c1ea7501a89eabe8c2c1a,19300,presidente bernardes,SP
3fefda3299e6dfaea3466ef346a3571a,82620,curitiba,PR
236585a4ddb5fea9fa40233e2249ed91,95088,caxias do sul,RS
35ef5aa32949680f627efec3c23e705c,88960,sombrio,SC
403aa86912527d730337ffcb0fb096ab,30220,belo horizonte,MG
c847e075301870dd144a116762eaff9a,38022,uberaba,MG
6cf476a4ca74498db55cbccdaa9dcfb6,2873,sao paulo,SP
c447f8dd3ed213f291d65ef074a268eb,19802,assis,SP
4736e9d642ef4257cd7622516931eb51,13424,piracicaba,SP
a5cba26a62b8b4d0145b68b841e62e7f,87303,campo mourao,PR
1025f0e2d44d7041d6cf58b6550e0bfa,3204,sao paulo,SP
a5dd1946fb63ada8bcaa0c9cd8f11e22,55002,caruaru,PE
891071be6ba827b591264c90c2ae8a63,3872,sao paulo,SP
491a5ada3aa1678414e990262c4bbdc1,4208,sao paulo,SP
84deb808079d1be601c209c1e771b1cc,81200,curitiba,PR
dd58ee93286b0821565574c570e9e1dc,81650,curitiba,PR
9558aa23f77a9e0a0eca83540999f43b,86801,apucarana,PR
3c4e0452bff7a2a788179488d3d77032,83408,colombo,PR
ca5832c6960267b71041f74bb39e8b12,89820,xanxere,SC
f8d5c7085db9a4ad2b8c1ffbeb2798c8,4104,sao paulo,SP
7586919161935337bf6b6d7ff5779648,21921,rio de janeiro,RJ
47f55702f598c7c6cc8458b0fbc1c49a,36213,dores de campos,MG
827f8f69dfa529c561901c4f2e0f332f,81880,curitiba,PR
60ad151920c4f6f3ebbe8cfdf6166779,6322,carapicuiba,SP
59fb871bf6f4522a87ba567b42dafecf,3655,sao paulo,SP
fa74b2f3287d296e9fbd2cc80f2d1cf1,19023,presidente prudente,SP
a1043bafd471dff536d0c462352beb48,37175,ilicinea,MG
3338e7a0710a195872be80e0d2423867,13403,piracicaba,SP
8378eb36b6b70c5734e83ad7b8cdc3b7,88301,itajai,SC
f7df46c1e0ec44eed5c6726478da4a17,93336,novo hamburgo,RS
debe6615cd90cc0c2eac2b8988e1f628,4282,sao paulo,SP
baa49d93c8c8841e27400a300f5d74b2,88113,sao jose,SC
3b872fd4747f01cc56206f2934198618,14940,ibitinga,SP
7402d13c03a7e91366337cd1de471144,86181,cambe,PR
ff82e8873fba613f2261a9acc896fd84,35900,itabira,MG
92eb0f42c21942b6552362b9b114707d,3504,sao paulo,SP
b9c0ffa92f3ff9a5a3d45ef7213c0842,8246,sao paulo,SP
1d139e3a3b14025640d8df1b230aace0,14860,barrinha,SP
883dd81e82754ac2c65e9790a7db8c9a,81070,curitiba,PR
09883d9ab71c8fe8a9bfc7fc3075b07e,8180,sao paulo,SP
2f1e7b90e01d9f086cbcb301c0c3d406,89022,blumenau,SC
6bbcb8924baf70b7fe2fe2097e8cd407,89031,blumenau,SC
5debea795b07621e1f90532e18f96145,86800,apucarana,PR
2709af9587499e95e803a6498a5a56e9,3813,sao paulo,SP
725c32fa80c2faacc4fc88450d27314e,3320,sao paulo,SP
e8b3a3a38279a82f0e5d006d5e5b7d2c,87230,jussara,PR
b17b679f4f5ce2e03ce6968c62648246,14090,ribeirao preto,SP
43a1d4bab73b816e44ef4e4facd9f9b5,87050,maringa,PR
dd264199fc8b687ad029de7de6d760e6,85815,cascavel,PR
67225bff54a172ff67579aaf583efd78,85960,marechal candido rondon,PA
baeda7047354773262ba2405f97038ba,13471,americana,SP
167fd940acebc789debd6eb418c46e38,14405,franca,SP
a1474fd46fd3430168f7ec202da39408,83321,pinhais,SP
1b61fb1f0f2185d89e9a126c498e9cc7,87015,maringa,PR
2ff6b7bff164ef05590a52734e1296da,86060,londrina,PR
e4253cef933647000a82ff39c67b7bde,5856,sao paulo,SP
1660ad786c27fd935378b6192a90b417,9891,sao bernardo do campo,SP
0db783cfcd3b73998abc6e10e59a102f,11010,santos,SP
52f9db5cfb423382a2fa5c9e39303202,19830,echapora,SP
f307937c1bb287c3efc2a514b94b0d1d,38183,araxa,MG
b76a1f8356322f12529c37b67d5c96c2,11015,santos,SP
9449f25aeaf531019b76999ea49a6949,21040,rio de janeiro,RJ
431af27f296bc6519d890aa5a05fdb11,14110,ribeirao preto,SP
78ef7e885d17f35e2382a47aae8b8cce,96816,santa cruz do sul,RS
0be8ff43f22e456b4e0371b2245e4d01,4461,sao paulo,SP
1835b56ce799e6a4dc4eddc053f04066,14940,ibitinga,SP
2e13c71026e1a39ba5cc1b86dcb679aa,2265,sao paulo,SP
13d058e4eeac2ce8217660b2f8a05812,6080,osasco,SP
e00d85ce20ea50c1224c66ca5050527d,6286,osasco,SP
e48b04bf1aa1ef711caebeb7aede6180,80240,curitiba,PR
f67efa3f0b6761102a7f8c6b7b571f5d,82300,curitiba,PR
c273175f7c6c80fb02f051e2fc6d0d72,5849,sao paulo,SP
f09b760d23495ac9a7e00d29b769007c,15802,catanduva,SP
5c243662ce92d84573bfaff24c3e3700,3702,sao paulo,SP
38874e327ce94d11390b96eb42d61928,8577,itaquaquecetuba,SP
ab3e0c171fe84a7ba7de130f19cfb485,86690,colorado,PR
85e7c62c1d6ea078c3897424f867a7c8,88220,itapema,SC
262237171f48e85819065498cac80d7b,88352,brusque,SC
b2f4d63c7203f539a78252565ca32257,28950,armacao dos buzios,RJ
ff4e2d38692ce827b1a4f4b8196e680d,3319,sao paulo,SP
7963e546f34e098b578f9ad102494601,5624,sao paulo,SP
1588ac4010787100dddef64568f0ae35,87045,maringa,PR
41c2bad7229b0c25e6becf179ebf63ff,59020,natal,RN
1b7e5006cb25dd23ce8686691013b121,2350,sao paulo,SP
4559697a8f7e637227c2eeaed843baff,19029,presidente prudente,SP
19a7c9f66ffa6452ff4b4c0cca71da27,85880,itaipulandia,PR
20d53aad4fe5ee93a64f8839609d3586,37540,santa rita do sapucai,MG
c8660dcf9ba70575f45d80fe28c27713,2040,sao paulo,SP
253c025bab43881055aeecde5e2d8b77,80620,curitiba,PR
7ecd59e5e20407131822c1a68ac59c1f,70719,brasilia,DF
0b09101900100c0e9d312861fad5a1b9,3168,sao paulo,SP
e8f6dc8e6a1dcde89d20e3995c8d90b3,3476,sao paulo,SP
128f9bfbe4c7d5185033914b1de3d39a,12940,atibaia,SP
a09a13f18ed27932d08438aa6f12756e,93800,sapiranga,RS
81a1104df0f08b59c68aa5b03cfe398e,83020,sao jose dos pinhais,PR
750303a20e9c56b2a6bc45cdce0b897d,74333,goiania,GO
f8db351d8c4c4c22c6835c19a46f01b0,13324,salto,SP
1838dd9b8977065acf51d95e0053ea7a,30882,belo horizonte,MG
1b8b75e227c9a9c100d0c210fb6176ce,5468,sao paulo,SP
5d378b73ab7dd6f0418d743e5dcb0bd1,1026,sao paulo,SP
39d54ff918774174706fb065d7f9dc07,4243,sao paulo,SP
5b33b527da3c5b969cc99dc435cad09a,87702,paranavai,PR
c9d2ba8dde44a275ae06475ed1d2fafc,38400,uberlandia,MG
bf961104a38e01b9062ee026bb657dee,14055,ribeirao preto,SP
1ca7077d890b907f89be8c954a02686a,6506,santana de parnaiba,SP
3a490ba60afa30ece0e7d50cfe74a4f0,31365,belo horizonte,MG
6d04126aba80df143fd038e711b8fd96,20091,rio de janeiro,RJ
010543a62bd80aa422851e79a3bc7540,1212,sao paulo,SP
7178e1eaa97257d8b6d4b80efd77a025,18270,tatui,SP
2199e7fe213c16213bf5d6a7eadc9a5d,11900,registro,SP
984c273121e743dd14767befe6cb17f5,13474,americana,SP
2b3e4a2a3ea8e01938cabda2a3e5cc79,4733,sao paulo,SP
e333046ce6517bd8bb510291d44f0130,18950,ipaussu,SP
9535a841eecebed61a9fb1ac1cbb5597,1208,sao paulo,SP
8f78f0903005064036736c7173a5c2ed,36325,tiradentes,MG
83e197e95a1bbabc8c75e883ed016c47,25900,mage,RJ
17908cf9b444ee34047cadd5c0f4a516,75124,anapolis,GO
17eea220a40cc0d2c0c5346379682398,3565,sao paulo,SP
270297ead4c65a6cd2593960d2af6b21,4696,sao paulo,SP
5f0057b677eb963672bf05dfa3f16c34,1309,sao paulo,SP
17f51e7198701186712e53a39c564617,3908,sao paulo,SP
2addf05f476d0637864454e93ba673d5,70856,brasilia,DF
ead2bab70821ea148476ae9bc08548ac,31980,belo horizonte,MG
fa14641f57b655e933124a9ea49cd7a5,1310,sao paulo,SP
d1582f4043306e6b91afa6a8a884f898,3445,sao paulo,SP
ad8b531ae67582f096925cff5630d0d1,84172,castro,PR
44f091b5abab8018f682fce8124b85e5,2281,sao paulo,SP
70a12e78e608ac31179aea7f8422044b,12327,jacarei,SP
2eeb6531ee027a48d401e72bebdd87d3,12230,sao jose dos campos,SP
c1ed9e3daf6154542826a6996af0fb8c,88308,itajai,SC
d101c6da914ae3d53f7bee42283f2fe2,8072,sao paulo,SP
a00824eb9093d40e589b940ec45c4eb0,18590,bofete,SP
0015a82c2db000af6aaaf3ae2ecb0532,9080,santo andre,SP
2d2c62bef4c8ba0dd74e0e228e808539,14096,ribeirao preto,SP
c1d1ebb4745cc43cb6f05e9c8a705c9a,8070,sao paulo,SP
ff063b022a9a0aab91bad2c9088760b7,9171,santo andre,SP
82bd0703a4aefd6b599e5bfdaed378fb,17510,marilia,SP
7fe21dd00d2f4943ae09525efa2fd674,20551,rio de janeiro,RJ
7ab0dd5487bab2dc835337b244f689fb,15013,sao jose do rio preto,SP
12a8eb0f8d1cd3270695bf2a99f55966,4607,sao paulo,SP
fd312b6bf05efac6c3772d5b52205d8a,18111,votorantim,SP
df683dfda87bf71ac3fc63063fba369d,95180,farroupilha,RS
25cf099de44674fde97473224f9d59ab,6716,cotia,SP
d94a40fd42351c259927028d163af842,37443,baependi,MG
6576fd3e23c88f0e5d4d23f39bba0542,6766,taboao da serra,SP
0885aaf116795758dfeb5f1032487bcd,8541,ferraz de vasconcelos,SP
6288c69c4ce638e59925e59193f98b16,9010,santo andre,SP
dfc5fb7259bb2b599ca565e6e9448f0f,9780,sao bernardo do campo,SP
e4fc40017a6d22c46a14ac2e17f87c3e,86702,arapongas,PR
2bf6a2c1e71bbd29a4ad64e6d3c3629f,28615,nova friburgo,RJ
7c4618c82226628831613e95e9c22f44,18136,sao roque,SP
06579cb253ecd5a3a12a9e6eb6bf8f47,4007,sao paulo - sp,SP
8ab42aa58097fd4668d60cc648225d5f,74150,goiania,GO
ccb83a794700270fde70898fe9ff368b,88960,sombrio,SC
612a743d294c27884fb7b80d2b19ba35,80620,curitiba,PR
c12d7463a579237ffb9248bd7cff378b,8275,sao paulo,SP
fe701d88b67eaca109dffd464d1be9f9,24900,marica,RJ
46dc3b2cc0980fb8ec44634e21d2718e,22240,rio de janeiro,RJ
fedaedd3ca31d56ab33e92035e4b361c,24310,niteroi,RJ
dbc51f5e45d654ecc16cb68e6817ecea,14402,franca,SP
df56d7b40d437f88407c5f78b63bc328,85812,cascavel,PR
165fc07beebdcb6190fba8a06db2a449,87015,maringa,PR
0691148aee60ca47977c187804f935ae,86010,londrina,PR
70eea00b476a314817cefde4aad4f89a,13250,itatiba,SP
282c7480173bb9c01dd41cc739fec010,4795,sao paulo,SP
c840d3fdbba0790404fdae73d253b253,81530,curitiba,PR
4f40d2ed38d1cc945364a7cd202a82c7,2337,sao paulo,SP
dbbcfe2c8d026742134ac3e28ccde274,81630,curitiba,PR
2fdde51ad3e12f297da656d4fbd5d0b5,89228,joinville,SC
7040e82f899a04d1b434b795a43b4617,1026,sao paulo,SP
a1544b9ea0b2390e020537d4daa89049,13211,jundiai,SP
20b54c376b794ed028df09a3cd88e8dc,9560,sao caetano do sul,SP
d66c305afaec317ebee552073a674429,33936,ribeirao das neves,MG
adbe70ab2c97442046d393988c8d1d27,9321,maua,SP
74c7dec0a384d8a05950e629bd23bde9,13845,mogi guacu,SP
42bde9fef835393bb8a8849cb6b7f245,71551,brasilia,DF
89bc797e2e29667aa035d4368f9b7f92,2969,sao paulo,SP
66922902710d126a0e7d26b0e3805106,31842,belo horizonte,MG
05f51e13da97139648b8125c31e5f51b,31910,belo horizonte,MG
c43d924a0f1688ee9fae0efcd6f539d4,20710,rio de janeiro,RJ
91543f9849d68d023e17194926598543,89041,blumenau,SC
7d456afc660226829370f3173d14520c,8820,mogi das cruzes,SP
1900267e848ceeba8fa32d80c1a5f5a8,14940,ibitinga,SP
157c3e4b42f81ac4a44e8b1ca2fe9876,3211,sao paulo,SP
9fbd5666d8618fa571c4230fafa09bd6,4360,sao paulo,SP
08d2d642cf72b622b14dde1d2f5eb2f5,17512,marilia,SP
525e75a6fb1454a2325ab1734bcec221,6453,barueri,SP
0e982cff76cc0579f632cea8a0e38c9d,88316,itajai,SC
014c0679dd340a0e338872e7ec85666a,35180,timoteo,MG
78ba5933c21686d1c2f64669c8c459e7,8810,mogi das cruzes,SP
6ee85be3693ed79a8e80718743d80655,3937,sao paulo,SP
63272377184e969942f7fff221be858d,3340,sao paulo,SP
d5ba419e26d246a0719437cf37d9b46d,3437,sao paulo,SP
15aac934c58d886785ac1b17953ea898,29480,muqui,ES
0b36063d5818f81ccb94b54adfaebbf5,89255,jaragua do sul,SC
f789d2c4f2c2eb38fc4373e7a4b35264,36010,juiz de fora,MG
87b740daf17b5d1be335a64164ec6842,8615,suzano,SP
d4f91e8be86b38da2ee35bc489645a9d,12512,guaratingueta,SP
eb3071b9f0b0ddaa2df5ea130f09f26b,4281,sao paulo,SP
7b3f6ce5c6c22e9b96e7581ebf0df6e1,13710,tambau,SP
31da954dc0855f2495c6310f70a2f931,13601,araras,SP
63b9ae557efed31d1f7687917d248a8d,13720,sao jose do rio pardo,SP
ef9952469137ff190bacafe117f51537,38022,uberaba,MG
c18309219e789960add0b2255ca4b091,20521,rio de janeiro,RJ
17e34d8224d27a541263c4c64b11a56b,14085,riberao preto,SP
e2aee0892199b1d92530e371abd825bf,86600,rolandia,PR
870d0118f7a9d85960f29ad89d5d989a,37708,pocos de caldas,MG
ec8879960bd2221d5c32f8e12f7da711,13253,itatiba,SP
586a871d4f1221763fddb6ceefdeb95e,90630,porto alegre,RS
a35124e2d763d7ca3fbe3b97d143200f,4041,sao paulo,SP
9198786624eaeb375793215cad26cfa6,89136,rodeio,SC
6b9b80d53ba3676eafe60268a810b5a1,31160,belo horizonte,SP
a938325a4b357fd23a6a4d5bb126408e,26510,nilopolis,RJ
9df5750209b83567ec144eb299d7d634,93032,sao leopoldo,RS
3d62f86afa7c73be2628a3be1423f5a0,12327,jacarei,SP
2493dc3f20131696a0ecdb9948051a8d,71065,brasilia,DF
a3dd39f583bc80bd8c5901c95878921e,41342,salvador,BA
4342d4b2ba6b161468c63a7e7cfce593,22793,rio de janeiro,RJ
3c03b12bab54d8b37d79d914bfdb1aa0,25561,sao joao de meriti,RJ
9d5a9018aee56acb367ba9c3f05d1d6a,74930,aparecida de goiania,GO
f9244d45189d3a3605499abddeade7d5,3029,sao paulo,SP
198c7ea11960a9844b544d9bcdca860c,37590,jacutinga,MG
a478c7961d6a992065b24e63b366f90b,89036,blumenau,SC
30c7f28fd3a5897b2c82d152bb760c17,24020,niteroi,RJ
66e0557ecc2b4dbea057e93f215f68d8,4771,sao paulo,SP
be1e9e378700cecaa4ebf71433d7915c,14025,ribeirao preto,SP
21e83881401b92b49fb09a16d3852291,38405,uberlandia,MG
55c96925041a14097b6a7825554f4ad5,2122,sao paulo,SP
918f6fbcf3ab724d805867303e593a1b,13273,valinhos,SP
daeb5653dd96c1b11860f72209795012,31310,belo horizonte,MG
9d489893ff6af05029671b785f54b998,13613,leme,SP
725af026f869236a8dd0ceb98564d156,35530,claudio,MG
f00f5b35d0abcacbdd863672f4bb2c1a,1238,sao paulo,SP
7bac63f6603d382cc8d0832eb6c100a8,5713,sao paulo,SP
f8201cab383e484733266d1906e2fdfa,88137,palhoca,SC
e603cf3fec55f8697c9059638d6c8eb5,96080,pelotas,RS
9e25199f6ef7e7c347120ff175652c3b,12051,taubate,SP
